1|2.02E+13|285|1839|?再看看内饰，怎一个惨字了得，设计的造型不错，这个我不否认，但用料惨不忍睹，还是那句话，与我那几万块的威乐用料一样一样的，——看到这里，我感到自己受到了强烈打击，很气愤，这么大力气设计出来的一款车，竟然做成这样
1|2.02E+13|300|1904|该车在买回半年左右就有两条轮胎鼓起好几个包，当行驶三万多公里的时候又换了两条新的轮胎
1|2.02E+13|300|1905|车门锁经常坏，四个车轮轴承和减振换过好几次，就连方向助力也会出现罢工的情况，好多的零部件刚过质保期就出问题了……………总之，通过使用我真的很惊叹吉利厂的技术和推脱责任的本领真的是世界一流
1|2.02E+13|319|2044|YS的国产售价是比较厚道，但是入门配置是在太寒酸，而且国产以后造型也胡乱更改
1|2.02E+13|331|2116|说句不好听的，翻了车安全系数还降低了
1|2.02E+13|359|2297|蓝鸟的悬架实在是太软了，我想弄个缓冲器加上去，不知道大家有没有用过的，谈谈感受
1|2.02E+13|361|2425|5，内饰太塑料了，包括中控，基本是硬塑料组合，看上去还行，手感真的很差
1|2.02E+13|365|2489|就是稍路状不好的地方有一点颠的地方前工作台就有响动
1|2.02E+13|373|2518|再说内饰用料真的挺垃圾的，和我现在的马3一样到处是硬塑料没档次
1|2.02E+13|409|2694|最近一次进自动洗车房时发现确实天窗有漏水现象，不过平时下雨天开车到时不会，是不是因为洗车房水压比较大的缘故，不知有没有解决的办法，4s店难道不知道天窗有问题
1|2.02E+13|410|2697|车噪有点大，我的爱车元月提的车，到现在为止跑了将近7000公里，目前我最高车速跑到150，没有飘的感觉
1|2.02E+13|411|2703|现车实地观察:???底盘太低了,???离地才17CM,????还谈什么越野能力啊??,??连个马路牙子上去???,估计也要磕底盘了,杯具啊!!!?(1)?底盘抬高3厘米(2??)降价2万?否则-------------哈哈哈
1|2.02E+13|430|2775|6、内部空间确实一般7、后排没有空调出风口，一个20万的车，连这个都省，未免也太不厚道了吧
1|2.02E+13|453|2894|同样是2.0的，发动机好像没有劲
1|2.02E+13|453|2896|本人开2.0rav4，ix35速度超过80噪音明显增大
1|2.02E+13|686|4197|趁着人少按了下喇叭，喇叭声音让人失望，不浑厚比较单一的声响，滴滴滴那种
1|2.02E+13|686|4203|最最后有个遗憾，没有氙气灯（个人习惯不喜欢夜间开远光，远光用来对付晚上上路一路远光的瞎子车）
1|2.02E+13|691|4224|??2、提速比金刚差（个人感觉），加油时必须用钥匙开锁很不方便
1|2.02E+13|700|4267|?缺点：1.内饰做工粗糙，虽花哨但不精细，只能说比KIA狮跑强
1|2.02E+13|717|4334|浅色内饰，坐一次心痛一次
1|2.02E+13|745|4489|?客户也反映小石子击打车身声音特别大
1|2.02E+13|776|4682|总觉得大灯不亮不远????总觉得音响重低音太差????谢谢各位啊
1|2.02E+13|784|4760|中控台，这个最要命，硬塑料感太强，感觉不显档次，其他倒没什么，就等有机会驾驶起来感觉一下动力和操控了
1|2.02E+13|845|5123|内饰也太粗糙了
1|2.02E+13|938|5686|2、起步提速的时候好像有点风啸的声音，当然，不是很明显，在安静的环境下听的比较清楚，其他TX有听到吗
1|2.02E+13|968|5893|优点暂时不说了，缺点是没有自动落锁，太不安全了，昨天我们全家去磨车，老婆抱着1岁的女儿，没防住小家伙居然把车门的第一道锁拉开了，当时时速70左右
1|2.02E+13|975|5927|看了那么多图片和视频，觉得这车太窄了不大气，还没见过样车，希望不是这样
1|2.02E+13|997|6025|顶棚设计的低矮使得坐在车里的压抑感很强烈
1|2.02E+13|997|6027|要说一下现代，SUV空间搞得这么局促，顶棚这么矮这是什么理念
1|2.02E+13|11|55|小威最难看的就是自动的波杆了，细细长长的，看去特别没档次，中控勉强可以接受，看中的就是丰田的品质
1|2.02E+13|26|96|最近几天我发现一个问题，在打着火后能听到发动机类似“丝丝”声音，一二秒后就没有了，好象原来没听到过这种声音，心里略有不安，特请教各位刚友，这是什么声音，会不会有什么问题
1|2.02E+13|29|102|昨天在院里连起步和倒车，偶尔会听到发动机嗡嗡的声音（感觉和服务器强排风一样）声音很大，站到旁边呼呼的热风
1|2.02E+13|78|277|我的皇冠2.5强化版大灯照路时有许多阴影，枝条状，不知其他道友的皇冠有否此现象，凯美瑞可没有，要不要在首保时换掉
1|2.02E+13|108|403|第一，发电机坏了，换了原厂的，存在问题：发电不够用（原来的也不够用，所以晚上开车时特别要注意，不要所有的电器一起用或开到最大）
1|2.02E+13|108|405|第三，空调的鼓风机声音大，虽然空调够凉，但是不能自动调节
1|2.02E+13|109|411|今天气温很低，并且风很大，车子跑到70多迈感觉车身发飘
1|2.02E+13|128|510|怎么发现发动机的声音挺大的~
1|2.02E+13|143|632|比亚迪的主电机是50KW,副电机是25KW，一起是75KW的重量，那是相当的重，而且用的是永磁电机,技术简单，成本低，但是重量重，而且会有个什么问题?就是用了几年以后，会有磁力衰退,造成动力减少
1|2.02E+13|143|655|这就造成电容大巴效率低下，而且走走停停多，加速能力非常差，需要经常充电
1|2.02E+13|166|795|行车是发现，好象副驾驶前、中控台方位有“丝丝
1|2.02E+13|166|798|”的异响，声音不太大，但影响听音乐，好象有杂音似的
1|2.02E+13|181|875|提车不到一周，启动时发动机塑料味特别的大是毛病么，用上4S么，过一阵能不能没啊
1|2.02E+13|197|931|首保更换机油后,为什么发动机声音很大?
1|2.02E+13|205|948|我的车每次发动以后第一次踩油门时油门踏板感觉有轻微的“达达哒”声音，如果启动时先用怠速行走一小段再加油就不会有声音
1|2.02E+13|208|968|不管带速还是开动车内声音比较大,反正比伊兰特大很多,其他感觉还性.
1|2.02E+13|226|1025|理由如下：1、与进口车同档次相比，大幅减配；2、钣金太薄；3、漆面软而不平；4、各种灯泡经常坏；5、仪表没多久要么失灵，要么坏掉；6、各门边和接缝处，参差不齐；7、哎，不多说了......?欢迎拍砖
1|2.02E+13|233|1036|05年的奥德赛，车库放了2天，今早发现电瓶没电了，搭其他车的电启动后，电子钟的屏幕一直黑白，FM,CD都不能用，4S说因为长时间没电，现在要重新设置下，可是用户手册好像没记载怎么设置，哪位指点下我，万分感谢
1|2.02E+13|234|1037|我的HG2.5导航版发动机冷启动噪音很大，水温上去后稍好
1|2.02E+13|245|1059|折叠钥匙也是一样，改的时候电池卡扣不好弄思考了一晚上最后用透明胶带搞定了，但改好后钥匙总是松松垮垮的经常要用螺丝刀紧钥匙上的固定小螺丝（国产的不是用的插销而是两颗小螺丝）
1|2.02E+13|245|1061|进口的产品不管是做工、质量、手感等各方面确实是国产改装件无法比拟的，虽然价格高了些但真的是一分钱一分货
1|2.02E+13|267|1189|冬天为什么大灯清洗系统会自动升起，按开关也回不了位
1|2.02E+13|272|1448|缺点就是漆面太软，跑了1趟高速就有了几个芝麻大的小白点
1|2.02E+13|275|1456|我的小安近20天前出现了在早晨启动后车身抖动现象，本人在跑了3天后到我们当地的4S（东营石大修理厂）进行了检查，经过电脑检测没事，维修顾问说应该是长期低转速运行燃油系统产生积炭造成的，建议我买了一罐大众专用的“燃油清洁剂”（160大元），要求在下次加油前先注入油箱再加油，跑跑就好了（维修顾问态度还是很亲切的）
1|2.02E+13|275|1457|到10月23号我该加油了就按照要求加入了清洁剂，头两天感觉启动后抖动小了（但还是有），到了25号我晚上拉着老婆大人去西城百货大楼，刚到准备停车突然车辆抖动剧烈（主要是通过方向盘及座椅抖动感觉），发动机声音沉闷，并且加油不畅像要断火
1|2.02E+13|302|1563|朋友们你们好：??????????????关于新胜达的不尽人之处------避震（太硬），喇叭（经常单音），你们的新胜达是否也是这样
1|2.02E+13|303|1571|大众途安空间该车全车尺寸为4411mm×1794mm×1670mm，轴距为2678mm，较短的轴距让途安的内部空间表现比较一般
1|2.02E+13|303|1572|传统的5座设计基本上能够保证正常乘坐空间，并不能给人十分宽敞的感觉
1|2.02E+13|303|1576|另外，1.8T车型近18万的起步价对于国内消费者来说也比较贵，涡轮增压发动机后期维护保养费用也比较昂贵，价格下不来也是导致途安难以热销的一大阻碍
1|2.02E+13|322|1633|说实话这车也不错，但价格还是偏高
1|2.02E+13|322|1636|而且有严重的动力问题，1.5的排量，再加上引擎比较老，买来也只能当QQ开了，而且说是有电动天窗，只是豪华版的
1|2.02E+13|326|1659|还有昨天提的DD的GPS不好使，后面的卡槽里没有GPS卡，4S说让韩方这几天给发个卡过来，不知道可信不?我说如果不给发卡我就退车，还有如果没发，这个GPS卡不知道外面能不能买得到
1|2.02E+13|350|1760|??我的DVD坏了，拆机的时候不记得把导航碟先取出来了（导航碟是网络上下载的，自己拷贝），把机器重新装好后启动汽车，屏幕进不了启动界面了，出现了日本字
1|2.02E+13|351|1765|"车买来才400-500公里以后,现在每次跑到10公里以上车子就会出现""哧哧哧""的声音,800公里的时候踩油门会出现很大的""咀咀""声,象在喷油一样的,900公里的时候去了4S店,4S店说是电子油泵的问题,就更换了油泵,但还是不行,又更换了汽油滤芯,现在刚开始的""哧哧哧""声音没有了.但是喷油的""咀咀""声音还是有的..4S店说过段时间会好的,油路系统还有杂质,但我想想不太可能的,所以请大家帮我看看到底是什么原因出现了这样的情况."
1|2.02E+13|384|2016|今天高速上面速度到130时中间出风口部位风声很大当时开的外环绕最后关掉是就没声音了速度到了140后又响起一直是内环绕不知道是否正常还有速度到了180时手提箱内既然有类似报警的声音不知道其他兄弟有这样的情况没
1|2.02E+13|486|2505|我车被划了一分钱大的小圆点能见到铁皮了
1|2.02E+13|697|3729|车怎么起步时1挡换2挡感觉有点顿??而且起步换挡换的比较迟要到2000转?到了2000转而且声音挺大又细又尖??上去30就好多了动力很灵敏尤如手动挡一样为什么调教的1挡换2挡这么迟呢??不明白?我说的情况只是起步时就是0-30这段???
1|2.02E+13|813|4362|但是它也并非完美驱动方式，后驱的设计最大的问题就是侵占了太多的车内空间
1|2.02E+13|813|4375|既然说到了传动轴，正是需要由传动轴把动力由前传递到后驱动轮上，所以相对于前置前驱的另外一个缺点就是，它的传动效率要低一些
1|2.02E+13|813|4376|而且在高速过弯时，后轮的驱动力很容易突破极限，形成转向过度，使车尾横着飘出去
1|2.02E+13|819|4409|嘶嘶声：像气球漏气，大多是空调或冷却系统有毛病
1|2.02E+13|819|4414|啸鸣声：大多出现在汽车转弯时
1|2.02E+13|821|4423|昨天在行车途中，加速突然失去动力，待速不稳时高时低，不给点油就会熄火，去SSSS店也查不出具体原因，不知道各位是否遇到过这样的问题
1|2.02E+13|822|4424|毛毛雨时雨刮器刮在玻璃上有很大的声音，雨大时没了，除了更换雨刮还有什么办法让它不响吗
1|2.02E+13|823|4426|?回来后发现这一个地方用湿的纸巾也擦不下去，就好像磨了一样
1|2.02E+13|943|5043|????天越来越冷，金刚也从夏天启动的时候偶尔抖动发展到现在冷车启动十之八九要抖，症状是打着火转速上升阶段不抖，转速降至1200转时开始抖，好像缺缸一样，排气也跟着噗噗响，有水喷出；持续时间有长有短，有时持续1分钟，有时持续十几分钟，然后慢慢幅度变小，恢复正常，折磨啊
1|2.02E+13|980|5281|最近发现一个问题，只要道路稍微有点颠簸，车头里面就会出现异响，响声就好像敲瓷缸的声音，“当当当”的，气温在5度以下时特别明显，而10度以上基本不会出现这种情况，不知是不是车子有问题
1|2.02E+13|1|4|我检查机油的时候总是看着机油越来越少,
1|2.02E+13|2|79|例如，如果第一步和第二步的操作过程很快，在发动机转速尚未下降到同步转速时就抬离合，且抬离合操作过快，发动机转速表指针由上向下快速摆动至同步转速，车辆可能会有“前冲”或“抖动”感,
1|2.02E+13|17|169|???车在15000公里的时候发现打转向时车底下发出好象敲鼓（类似弹簧缺油）的声音，特别是原地打方向时更清晰,
1|2.02E+13|25|227|????????老款奥德赛的尾灯是镶嵌在贯通尾部的细长条反光饰条之上的，像是系了一条细腰带，准确地说是属于“时尚的MPV”，但体形上却难逃臃肿，尤其是下半部分显得过于厚重,
1|2.02E+13|35|271|就是引进国内内饰不好看，听说油耗很高，以后配件也很昂贵,
1|2.02E+13|39|276|7月初，想买台商务车，经过多方面考虑定下两种：别克GL8和本田奥德赛先到的别克4S店，转了半天没人理，主动找销售，说要买GL8，有台样车，锁着，不让看，态度极度冷淡,
1|2.02E+13|39|277|哎，直接走人，在网上看到过说别克的销售冷漠，没想到，比我想象的还默然，冰冷到底,
1|2.02E+13|65|408|结论：丰田导航信息点奇少，比凯立德、城际通等少得多，用凯立德等地图输入关键词搜索出来很多结果，用丰田导航搜索出来结果少得可怜,
1|2.02E+13|74|456|我的消声器不到50000公里就坏了，开车就像开本田拖拉机，强烈要求为我们免费换消声器，而且，不是一个二个人的问题，有这种情况的人很多，质量问题,
1|2.02E+13|96|588|我的车夜晚一踩刹车大灯突然会暗一下，不知道各位大侠是否有同样的问题,
1|2.02E+13|127|682|皇冠的卡带地区不怎么好看，基本上没有用途，不知道那位高手可以建议或者改装过其他的实用的配件,
1|2.02E+13|133|695|但我问了朋友，他以前买的车价是68万，靠~还不是一样，估计是之前的大排量税的问题，价格就升了很多，估计现在又是政策问题，价格降了下来~然后在看，没有无匙启动，想想也是，估计都是几年前设计理念的产品了，估计还跟不上改进,
1|2.02E+13|142|757|07威驰的后避震存在质量问题==漏油，不到两年我都换了3根了,
1|2.02E+13|147|768|现在已开了1815公里，起步提速很慢，减震一般，最近一个星期在高速中有时会象砂石跌落的声音，大约2-3秒,
1|2.02E+13|157|809|当时我区首先想到我的DD肯定会受伤很严重，下车后我先看了我的DD的屁股，还好，没什么，一点都没变形，就一点漆的擦伤，因此我想那个宝马5应该更加没什么，可当我过去看时却傻眼来，的前脸都变形了,
1|2.02E+13|157|812|宝马怎么会那么不结实,
1|2.02E+13|164|832|今天有些郁闷,在这里提醒一下想要买丰田皇冠车2.5的朋友.我去年三月提的车,是在深圳泥岗路的华日丰田4S店.现在车还不到两年,毛病多多:1.轮胎质量一般,补胎有四次,侧刮破一次导致现在还有用的四轮中有一备胎2.油耗感觉偏高,深圳市内一般13个左右3.右侧和尾箱经常有异响4.最近空调制冷效果差,昨晚和朋友出去,开19度后排朋友还冒汗,并且初了出风的声音外,有口哨声,一个字烦!!!被朋友攻击得很没面子,他们说比QQ都不如.今天LP开去4S店,师傅说没什么问题,交米换些风格之类的什么东东就可以了.我不太懂车,正常的保养都交他们S店的小梁业务(顺便说一下,这业务人很好,服务也不错),我不明白为什么保修期内碰到这类问题还要交米!5.保养费用比较大,平均应该在一千以上,几乎每次都有新项目要做,少则三四百多则五六百.我QQ745870831,很少上论坛,欢迎同类车2.5朋友多交流,向大家学习.,
1|2.02E+13|175|879|但我观察1.8t的途安比2.0费油，而且维修昂贵，容易出现烧机油的情况，根据常识加涡轮后发动机寿命要简短，而且涡轮容易坏，并且加t和双离合是作为新技术所以车的价格往往要高很多，而大家往往认为鬼肯定就好，新技术肯定是好但需呀发展，如果现在买就变成了试验品，是吧,
1|2.02E+13|185|924|它直接决定了升降档时顿挫感强烈，起步肉，最高速不会太快，油耗高,
1|2.02E+13|221|1118|刚装了前后护罩和侧踏板，可发现加速时和正常行驶时的风噪明显加大了，不知各位前辈是否有同样感受,
1|2.02E+13|228|1192|我车子是08威驰，08年6月买的，现在原车自带的报警器不知道怎么不响了，就是用中控钥匙锁好后再用钥匙开门就是不响，以前都响了，还有貌似自动落锁好像也不行了，这是怎么回事啊,
1|2.02E+13|277|1512|第一批DD，目前6万公里，保养正常，方向机响有一段时间了，开空调后，更为明显点，打方向有吱吱的很轻微的声音，同时感觉方向变重（有可能是心理作用），就在方向盘里发出的声音，不是轴头，润滑的问题，另冷车启动，并无此问题，常常是到目的地时，特别是空调关后，会发现此声音，请老大看下，什么毛病，另有否其他TX有类似问题,
1|2.02E+13|284|1548|新车开了几天啦，觉得后视镜好像不舒服呢，特别是左后视镜范围小，好像有车过来总看不到，大家有这个感觉吗，都是怎么解决的呢,
1|2.02E+13|296|1662|但是中网的变化似乎不如老款好看，前大灯组合也没有改新,
1|2.02E+13|326|1784|图胜跑四万多公里出了两个问题....轮胎全换了.方向噪音...经沈阳路鑫店检查方向机损坏...质量太差..请车友慎购..本人悔买此车!!!!!,
1|2.02E+13|341|1809|车友“很皇很冠很皇冠”在回帖中称：感觉没有12代的经典与大气咯,
1|2.02E+13|341|1814|车友“我为车狂”在回帖中道出了大部分车友对13代的感受：要运动不运动，要大气不大气，要稳重更不稳重,
1|2.02E+13|343|1819|提车快1个月,油离配合渐渐的熟悉起来,基本不在熄火了,可是中间犯了好几次错,一次是没放下手刹跑了2公里才发现,还有2次是减档的时候从5挡一下给挂到1挡了,车猛的顿了一下又走了,还有一次是升挡的时候本来是要2档升3挡的,却给一下给从2档升到5档了,车一下就给熄火了,吓的我一身汗,还有好几次挂倒档的时候没挂上,车发出好象齿轮碰撞的声音,不知道这样会不会对车有什么大的伤害啊,我该采取些什么补救的措施吗?,
1|2.02E+13|359|1916|刚买的DD车,USB存了好多歌曲,连接后却读不出来不知道是什么原因,有知道的大虾请告诉我一下,谢谢啦,
1|2.02E+13|364|1925|我的是Q3标准版的，都半年多，刹车有个问题不知道大家是否也有类似情况在急刹时感觉踩到刹车又踩到“树枝”似的，不知怎么回事，后来发现在路况不平急踩刹车都有这感觉，还好有刹住，不然可以惨了我想应该不是我车问题，大家也应该有，有哪位能处理这类问题发表一下，谢谢啊,
1|2.02E+13|398|2044|今天发现响声增大了，源头较为容易找了，就是中控仪表盘上方的黑色塑料边框,
1|2.02E+13|406|2064|我的发动机有烧机油的现象，7千公里烧1升机油,
1|2.02E+13|421|2135|发现问题的时候是2挡升3挡的时候动力传输突然迟缓,
1|2.02E+13|427|2177|我的车已经开了6万多公里了，现在跑起来低速的时候有嘎嘎的声音，不知道那声音是那里发出来的，我自己听听好像是减震和轮胎上的,
1|2.02E+13|508|2564|小弟的1.3AT小v空调在运行时突然会有一股异味，但是很快就没有了，不知道大哥们有没有类似的情况，正常吗,
1|2.02E+13|515|2576|说实话，DD的轮胎质量不怎么样，不知道大家看法如何,
1|2.02E+13|515|2583|动力，不太够，，提速没法跟小车比，所以等首保时改一下，雷神整流器，VSD点火增压器，铱金火花塞都列入我改的清单里了4WD的感觉也不是很明显，但是上下马路牙子，很轻松，这就够了我觉得总之，刨去耗油不说，DD是好车，一部物有所值的好车，嘻嘻,
1|2.02E+13|520|2607|途安1.8刚一万五千公里，前几天去山东在高速上跑到150以上的时候空调出风就很小了（几乎没有风，非常热）当车速下来以后风量会自动变大，请问有没有人遇到相同的情况,
1|2.02E+13|523|2628|买丰田本田还真不如买个轿子开,
1|2.02E+13|525|2635|这几天我的导航显示一直和行驶路线不一致，一直为这事烦恼还以为自己倒霉买的车不好,
1|2.02E+13|529|2652|就是踩下煞车，然后换到油门却没有推动力，又或者，踩下去到了2000左右转数以前是空转，后面才好像有了档一样才有推动力,
1|2.02E+13|548|2893|根本没有灯光辅助，这么长和大的车视线不好（在灯光暗的地方，根本就是垃圾，有P用,
1|2.02E+13|558|2945|"请问我的车在凉车启动的时候,车辆1档行驶踩刹车有很刺耳的声音(就像自行车闸皮摩擦车轱辘的声音""吱.."".声音不算是很大),行驶1公里后/热车之后在踩刹车就没有这样的声音了.凉车挂到当踩刹车就没有这样的声音.(最近发现的.由于上车我就听歌所以一直没有注意..这几天注意到了...郁闷呢..谁有知道的麻烦给个回应谢谢,"
1|2.02E+13|560|2947|我在倒车的时候抬刹车总能听见前轮嘎吱嘎吱的响不知道各位大侠的威驰有这样的情况吗,
1|2.02E+13|568|2989|上周出了几天门，从北京回来的时候，最热的时候，空调没了，不舒服事小，没面子事大呀，这么中意的安安怎么这么不给长脸呀,
1|2.02E+13|577|3054|1、外扬式后车窗只能开那一条小缝，通风很不爽；2、取消了副驾的折叠杯架，增加了置物箱（我气称垃圾箱，有某JS还特意给我纠正是置物箱不是垃圾箱），令我放超长的材料受限制；3、中排滑椅，就算加钱换成转椅，坐垫也不能折起,
1|2.02E+13|592|3174|打开发动机舱，发现好像是皮带轮发出的声音，各位有知道是怎么回事的吗,
1|2.02E+13|604|3245|最近我的大麦油耗有点高啊,
1|2.02E+13|665|3588|不爽的是才换了半个月的固特异轮胎烧掉了一只，当天还加满了油,
1|2.02E+13|680|3656|第一天新车提回来，停在车库下车就闻到一股焦糊味，立马跟销售联系，说是新车磨合，刹车片的味道,
1|2.02E+13|710|3933|装配工艺真的越来越差，有的地方还不如我以前的polo，尤其方向盘下方的那个驾驶员手套箱，做的太差了，还有后排中间的杯架已经坏了，我7月14日的车哦，德国人严谨的作风还有多少时间供国人挥霍啊,
1|2.02E+13|763|4525|才两个月的新车传动轴断裂销售商和厂商说是传动轴见了水才导致断裂的责任有车主自己承担所以车主不服才找来老黄牛在西二环拉车游行的靠怎么发不了图片呀在这个里面大家可以去看看骏捷FRV俱乐部,
1|2.02E+13|777|4560|现在的汽车配置越来越多，不过有好多都是浪费的，我觉得皇冠的大灯清洗装置是最浪费的，大家发表一下自己的看法啊,
1|2.02E+13|850|4901|个人感觉马力不怎么好,
1|2.02E+13|851|4902|前几天方向机漏油了，买了修理包换了，换好以后，助力泵有点响，到现在，方向一会有，一会没有，高速正常，应该怎么办，,
1|2.02E+13|876|5054|DD的左后视镜有盲区，基本左边车道的车到了车后面5米左右就看不到了，而且大家是否有同感，就是左边镜子看一会儿会头晕,
1|2.02E+13|924|5320|DD一年多了，基本都满意，就提一点，大灯的灯光不知各位兄弟有没有注意到，晚上开大灯时，你用下玻璃窗，或踩下刹车就会暗一下，开到就近的3S店查了下，说每个韩现的车都有这样的毛病，停在那的几辆打开来看了下，的确有同样的问题，3S给出答案，大家都有问题就不是问题了,
1|2.02E+13|947|5446|再说导航：打完球送完同事，去接老婆（老婆在上课），那条路曾走过一次，当时也是胸有成竹，好像是忘了出那个口了，往下开，就给迷路了，转不出去了，当时的心里还是很恐惧的，所谓讲：陌生的世界是恐惧的,
1|2.02E+13|949|5467|途安和同级别的轿车相比，其内饰确有不足之处,
1|2.02E+13|985|5635|这车牌质量真差!!!!!!!,
1|2.02E+13|996|5869|缺点显而易见，车皮太薄，车身轻，上高速没有安全感，120左右经过大车时，车就发飘了，真是紧张，车就像纸一样，左右飘动，这是日本车的通病；漆面太软，经常留下划痕,
1|2.02E+13|996|5870|整车除了发动机声音小点，路噪，胎噪，风噪都远大于欧美系,
1|2.02E+13|997|5872|看看人家那曲线，纯粹天然，正宗艾斯，再看看我们芙蓉姐姐所谓的曲线，真可谓天上人间人鬼殊途也转自速腾论坛某大虾之水贴，我估计同样的娱乐贴，在咱们皇冠论坛肯定是不会太多人跟帖的也算是和速腾坛天上人间人鬼殊途了吧,
1|0|0|doc1088-1|a6不适合女孩子啊！
1|0|0|doc3470-1|作为个车迷看到大众推全新taigun小型suv概念车的消息,真心要吐槽vw,从帕萨特到迈腾,途观和途锐,现如今vw已经懒到如此的丧心病狂的态度就是名字修改了一下途观的字母顺序真恶心这辈子都不要买大众了,就冲你这厂商不真诚的态度,我看你神车的老本还能吃多久,不要什么都往家族式这3个词靠好吗?
1|0|0|doc44353-1|新款的桑塔纳难看死了,我现在才发现桑塔纳生日和我只差了三天再见了,普桑,2000,3000,志俊
1|0|0|doc29147-3|今晚阅读了一篇解读当年在手机领域遥遥领先的诺基亚衰败历程，忽然对丰田品牌产生了强烈危机感。
1|0|0|doc23025-6|索尼就像别克，看起来高档用起来低端。
1|0|0|doc45345-2|非常赞同,不愧是行业网站的领头羊更离谱的是,大多数车操控远远不如宝马的车,舒适性也远远不如宝马,悬挂又硬又颠,方向盘还有巨大的虚位,比如奥迪的大部分同级别车,比如高尔夫gti。
1|0|0|doc30888-1|从一汽、上海大众，福特4s店归来，重新整理了行情和感受，新朗逸首选，新福和新速腾备选，crosspolo空间实在不感恭维，a0级小车还是太mini了，后排空间1米75的个子就触顶了。
1|0|0|doc9636-1|宝马与奥迪的4s店服务相差太远了，杭卅骏宝行真是要好好反思一下，员工素养不是一个级别。
1|0|0|doc589-1|希望4s加强售后服务，让我舒服点儿！
1|0|0|doc14507-1|话说奥迪在这部电影的广告打得真失败，剧中最长的一段飙车戏，居然是一宝马和一路虎，宝马废了后，广告商的q5上镜，q5放在路虎旁边就像姚明旁边站了个郭敬明。。。
1|0|0|doc47734-1|光看前面的,有的真的不知道是什么牌子,宝马返朴归真,诺基亚霸气外漏,奥迪想多了!
1|0|0|doc47694-1|奥迪q5,鸡肋!
1|0|0|doc24853-3|之后的问题真是不断,空调不会冷,大热天开开奥迪还得享受奥拓的待遇手拿扇子一个劲的扇..
1|0|0|doc45500-2|依a8,a6的趋势,奥迪很难引起我的好感,很不喜欢改款后的头灯
1|0|0|doc45495-2|宝马太得瑟而且形象差,奔驰本来就维修换件天价e系渗油没完c系又闹这事,还是老老实实奥迪吧,中庸低调。
1|0|0|doc18092-1|福特e350还是不错，比拿奔驰sprinter来改的强多了，那个又慢避震死硬贼不舒服
1|0|0|doc10766-1|大众汽车是没有诚信且傲慢的企业，这样一个漠视客户，懒惰并只在乎赢利的企业，必将受到市场的惩罚！
1|0|0|doc32419-1|讨厌东风本田！
1|0|0|doc9682-1|我还真不信丰田这么硬气。
1|0|0|doc26036-1|日本把垃圾车买到中国谋财害命：又一起德日对决，奥迪a4完胜丰田佳美！
1|0|0|doc47968-1|在奥迪、宝马、奔驰当道的北京大街上,丰田凯美瑞根本不会被当成是豪华车
1|0|0|doc6813-1|操，让广汽去生产，彻底毁jeep这个牌子啊，看看丰田和本田，没有防撞梁，焊接的车门，这样的jeep，你可以想象吗？
1|0|0|doc13488-1|上坡别跟汉兰达，下坡躲着凯美瑞、、日货啊
1|0|0|doc18700-2|难看的车标和有自燃的习惯，我亲眼所见的就有两辆（科鲁兹和景程），这有一辆上演了……
1|0|0|doc32744-2|留住人才，奇瑞从政策、执行到企业内部与人才的合作氛围，并不突出。
1|0|0|doc15664-1|从斜上方看，奔驰ecoupe这个冒充e级车的款型真是臃肿到看不下去，那个amg包的造型都是神马啊，把自己当九十年代末起亚么…
1|0|0|doc27292-1|新车将与通用的赛欧竞争更低端市场间接降低自己品牌价值
1|0|0|doc24899-2|从我这几年在马路上看到的情况分析，改装（包括贴纸）最多的5座轿车（运营车辆不算）应该是雨燕，几乎没有一部雨燕是干干净净呈现原厂状态的，排名第二位的是三菱的翼神，都把自己当evo。
1|0|0|doc22598-1|活脱脱一个雅尊，我觉得本田这代要继续走下坡路了。。。
1|0|0|doc28618-1|实在不觉这车好看~今天在街上看见了辆灰色的，感觉就像是日军的钢盔和德军的尿壶~~这个价位如果不喜欢日本车的话，还是考虑mini或者雪铁龙的ds系列吧，要不然奔驰的b也可以~
1|0|0|doc46425-1|「别摸我」没事会自燃的,三系尤其,七系也一样,虽然我也很喜欢宝马的型,但安全更重要
1|0|0|doc46475-1|个人喜欢大众cc还有就是奥迪系列让你老爸别买日系的,车轻皮薄不安全。
1|0|0|doc15095-2|保险杠，劣质胎，焊接车门，垃圾悬挂系统，没有刹车优先系统，同德国车形成鲜明对比
1|0|0|doc12960-1|买过之后保养你才会发现，保养和到医院看病是一样，这个搞不搞随便你，搞了肯定好点，但你不搞，出了问题我们不负责任，尼玛，日产的，你还有的良心不。
1|0|0|doc10628-1|大多款不比陆虎便宜啊，有一款的官方报价竟然是388万。
1|0|0|doc48281-1|精致小资/粗狂豪爽奥迪q3对比宝马x1-新华汽车-新华网其实这俩都没什么好比的,豪华谈不上,操纵性又比不上纯种的,实用性更不着边儿
1|0|0|doc46271-3|到说glk,产品力不如x3,也不如奥迪q5
1|0|0|doc12315-1|亲身体会，上海大众无论是产品质量，还是售后服务质量，都比一汽大众差！
1|0|0|doc48060-2|买的时候连车的性能都还没有看
1|0|0|doc13638-1|车问网已经发布《“健康汽车”检测报告》，11款主流车型存在致癌风险。
1|0|0|doc21774-1|现在网易各种窗口广告极其烦人，极其闹心，最可恨的是那个加多宝，明明上面是个叉，点了立马蹦出福特汽车的广告，有你们这么糊弄父母的吗？
1|0|0|doc17510-1|这些导航甚至远远不及10万块国产小车的导航好用。
1|0|0|doc28246-1|起亚k2，倒车镜是手动的，麻痹后排窗居然也是手摇的！！！
1|0|0|doc22147-1|慕尚到手开了总共不到1小时，先说一点不足：倒车雷达pdc和其他欧陆gt一样，只能在倒档的时候才自动开启，蠕行前进时必须手动开启。
1|0|0|doc22804-5|近期豪华品牌接连爆出负面新闻：奔驰电池门、致癌门、发动机异响抛锚；
1|0|0|doc46293-3|大多数60万以下suv动力很差,50万的奥迪q5动力比不上22万的本田雅阁,除了高坐姿和看似“越野”(2驱,120千瓦,自重2吨,承载式结构,你觉得能越野?
1|0|0|doc11798-1|不过大奔动力还不如这别克，所以说，买啥车别买低配。
1|0|0|doc10143-1|起亚车动力真无法与日本人的尼桑车相比，提速还是有着很大的延迟。
1|0|0|doc46337-1|一款排量仅为3.0l的发动机并不足以让全新奥迪a8l完全展现出它的霸气与尊贵,即便其带有增压、直喷等先进技术并已经能够提
1|0|0|doc47755-2|粉色奥迪r8,粉嫩嫩受不了~!!
1|0|0|doc10643-1|就你这服务态度不倒闭是老天瞎了眼！！
1|0|0|doc31098-1|今天去广汽丰田ssss第一店''直接遭到无视''首先我检讨是不是自己衣冠不整''毫不怀疑其服务态度''丝看车伤不起我在:
1|0|0|doc24899-1|马路上乱开的排名第一的当仁不让就是马六，我几乎没看到过一部马六是规规矩矩开车的，排名第二的是各类高档跑车
1|0|0|doc13838-1|草，什么技术感…
1|0|0|doc9867-1|奔驰慢慢跟不上宝马和奥迪的节奏了3.5v6的技术out了
1|0|0|doc47981-1|这个a1现在贵啊,价格和gti相当,性能却输gti
1|0|0|doc31587-2|价格1051，看了配件表，斯博睿才700多，crv800多，思域刚调的价格，无非低端车上大挣保养钱。
1|0|0|doc47898-1|bmw的配置??一直?一直?一直坑爹??比起同价位的奥迪,差的太远了?果然和同排量的7系li同价位
1|0|0|doc32024-1|如果奥迪a5不那么烧机油，如果宝马5系的保养成本不那么高，如果捷报xf空间再大点，如果奔驰e级的屁股不那么翘，如果英菲尼迪不是日本车。。。。
1|0|0|doc32744-1|奇瑞的人才流动太大，销售层面、技术层面无一例外。
1|0|0|doc28441-2|车头丑暴了新揽胜的设计应该还是福特做的延续神行者的福特风格路虎真的全线路狗了
1|0|0|doc12295-5|底盘厚实度差一点，前门板扶手太短，整体舒适性不敌polo。
1|0|0|doc47463-2|只从外观上来说ai远远没有minn看着那么的丰富,也与当初谍照曝光时的照片少了些许凶猛,给人感觉有些q??
1|0|0|doc34918-1|记住千万不要买长车,下坡是个大问题?????!!!
1|0|0|doc11660-1|同为豪华车“bba阵营”，奔驰的销量绝对值和相对增幅，都远远落后于对手。
1|0|0|doc13679-2|丰田混动虽然大举进入中国市场，但其攻势却面临多重现实难题，因核心零部件不国产，加上政府补贴政策迟迟未能出台等因素，导致混动车型售价高企，在华销量计划也未能大幅。
1|0|0|doc44628-2|看到雅力士的销量仅仅1200台/月,感觉丰田在中国的市场的很多做法让人难以理解
1|0|0|doc47847-4|考虑性价比的话,比途观值太多了好么?
1|0|0|doc46707-3|有没有人发现,宝马的宣传广告,不像奥迪那样爱炫,不像奔驰那样装高雅,它往往都不是讲述它的产品特色,而是在宣传它的核心价值、它的宝马文化、它的个性艺术、它的创造理念
1|0|0|doc46498-1|还有不是越贵的车音响就越好、例如:凌志lx570,巡航舰这些都是垃圾。
1|0|0|doc47992-2|数据显示,三大德系豪车品牌奔驰、宝马和奥迪占有中国豪华车市场近九成,而lexus比起他们,差的还是很远
1|0|0|doc48045-1|奥迪sb,加价,等车,烧机油,5000公里保养还好意思叫豪华车
1|0|0|doc16472-1|又是比亚迪电动出租车，技术尚不成熟到底存在多少安全隐患
1|0|0|doc20226-1|因挡风玻璃价格比较昂贵，车主苦不堪言。
1|0|0|doc21348-1|小别克前挡都凹了。
1|0|0|doc9928-1|这是供求关系造成的奥迪4s店的态度都这样傲慢？
1|0|0|doc9992-1|好的品也要配合好的服好的服才得更多的客奥迪4s店的态度都这样傲慢？
1|0|0|doc11035-1|哈哈，服务来说雷克萨斯ok的奥迪4s店的态度都这样傲慢？
1|0|0|doc9245-1|奥迪4s店的态度都这样傲慢？
1|0|0|doc24063-2|发现其实选择很难，铃木太低贱，马达太糙，日产是软蛋，丰田白开水，似乎本田还好一点点。
1|0|0|doc47938-1|说起来就是电子设备问题,于是气囊就成摆设了
1|0|0|doc8496-1|2012款本田cr-v太难看了，那尾部设计真够败笔的。
1|0|0|doc47708-1|奥迪这手儿是败招,不高级
1|0|0|doc18850-2|丰田没路刹不住，本田就怕手指戳，一戳马上一个窝，尼桑铁皮更是薄，开关车门都哆嗦。
1|0|0|doc47938-2|想起一朋友的朋友的新a8,开了1年,转向机坏了~大众奥迪的玩意还指望什么安全,质量都保障不了的东西,有安全可言么
1|0|0|doc11827-1|分享图片三选一，我最喜欢这台红色的雪佛兰，外观大气，空间大,中控台超有fell,我不喜欢丰田卡罗拉，老爸你要相信我的眼光，雪佛兰科鲁慈保值率高啊
1|0|0|doc47827-1|而且奔驰和宝马有点暴发户的样子,还是喜欢奥迪多一些
1|0|0|doc47625-1|什么奔驰宝马悍马在我眼里都是暴发户,我只钟情奥迪cc。
1|0|0|doc9547-2|做不好的日企不要啥都怪政治啊政治的牺牲品，杯具～日系车真是杯具寮~
1|0|0|doc23462-1|后面那个红别克（有点远，没看清）mm貌似没睡醒吧，把前面的雪铁龙给追了，结果冲击力让雪铁龙把前面的路虎（没看太清楚好像是）给追了，结果雪铁龙悲催了，前凸后翘了。
1|0|0|doc9990-1|国产车就是给力，高速，一长安奔奔，追尾丰田凯美瑞，整个后备箱被彻底干翻，这是什么级别的对抗，这是什么力量，看谁还买小日本！
1|0|0|doc44728-1|所以所有2.3,1.3发动机全部溃败,所以4at的标致雪铁龙和福克斯人们会嫌弃,但底盘减配没有人关心
1|0|0|doc16680-3|17万的传祺几乎全方位比不上11万的本田锋范。
1|0|0|doc46159-2|氧传失效要看真真导致失效的原因现在原车的氧传感器质量比较差,也成了易损件!
1|0|0|doc22543-2|低档中噪音比较大.
1|0|0|doc48194-1|整车的噪音还是比较大的
1|0|0|doc11104-2|这4s店也真变态，只能选高配，定车等4个月，还要加价两万，当神车卖啊，严重鄙视！
1|0|0|doc48233-2|凯迪拉克一直处于豪华车品牌中的边缘地位,始终和奥迪差距越来越远
1|0|0|doc14804-7|北汽太丢国产车的脸，上周末跟北奔工厂一小领导吃饭说奔驰国产车别买。
1|0|0|doc27914-2|#车市罗盘#整整花了两天时间，原本想通览大众汽车集团前世今生的各种信息，没想到完了冰山一角。
1|0|0|doc17608-1|开丰田不安全了。
1|0|0|doc47133-1|奥迪不霸气,锐志干得好
1|0|0|doc31587-1|鬼子车后期费用还真不便宜，快赶上宝马了。
1|0|0|doc46437-2|沃尔沃车不吸引人,对安全的品牌塑造也并不成功
1|0|0|doc17105-2|奔驰怎么能够推出这种不成熟的产品？
1|0|0|doc28232-1|你车排放不达标
1|0|0|doc32554-1|尼玛换成雪弗兰以后是每人一辆迈锐宝么,大黄蜂神马的奏别想了,尾气不达标!!!
1|0|0|doc13735-2|以前那别克可是小毛病不断，保养费还死贵，不到2年排气管消音器就坏了，4s店换个1500多元，6年下来换了3个。
1|0|0|doc44889-2|蓝牙耳机好像也不方便,那就买辆带蓝牙的汽车吧
1|0|0|doc10033-1|果断的宝马x1，奥迪a1现有款都是两门的，上下车及其不方便，空间也太小，腿伸不开。
1|0|0|68574-177964|不喜suv,路感差,油耗大,后排空间小,停车不方便
1|0|0|doc47122-1|4、价格不菲。
1|0|0|doc9229-1|每个豪华汽车品牌都会推出相应的自行车，这些豪华品牌汽车推出的自行车主要以山地车为主，并且价格都不菲。
1|0|0|doc14630-3|但在系统实施中发现byd功能与售前顾问的说法严重不符，而且售后顾问也很明确byd就是一个标准软件。
1|0|0|doc11854-1|我跟老爸商量买车的事情，我选了即将发布的encore，别克君越和大众图观，最后我爸还是劝我买图观或凯悦，因为encore的新设计不符合规范，而君越不适合我这个档次的男生
1|0|0|doc14731-1|丰田如此极其不负责任的行为，将直接造成国内的某些人会蒙受严重损失，是要破坏中国内部统一的反日口径。
1|0|0|doc48460-2|怎么有这样不负责任的售后
1|0|0|doc35221-1|这个真的要注意，年终岁末盗窃高发，尤其是本田车系，防盗功能不敢恭维，我是中过招的人啊，伤不起啊。
1|0|0|doc48278-2|漳州奥迪盈众致远的服务态度真的是不敢恭维…
1|0|0|doc45593-2|大众的内饰真的是不敢恭维,包括新帕萨特,做的也不好
1|0|0|doc47831-2|a1的外形确实不敢恭维,不是我喜欢的类型
1|0|0|doc47613-2|刹车踩的猛了就abs,近距离不敢猛刹
1|0|0|doc28417-1|真的吗丰田刹车制动系统不稳定，车身轻，安全性不高，如果出现意外，生命财务很难得到保证。
1|0|0|doc45001-1|果然姑娘都喜欢途观领导最近挺好的吧还是途观吧,cc都说性价比不高,奥迪自己开有点不值当,剩下的不好看
1|0|0|doc48503-1|奥迪不给力啊!
1|0|0|doc44897-2|a3内饰非常差,坐在a3里面根本不觉得自己坐在奥迪车里面,a4l我老公喜欢,我觉得有点贵,可是途观不给力啊~烦~呵呵,厉害厉害!
1|0|0|doc48077-1|价格价格不给力,宣传宣传不给力的日系豪华品牌们也该醒醒了。
1|0|0|doc13983-1|我又开上一辆l1.5的手挡车，起步不给力…
1|0|0|doc45431-1|q7刚性不够,天窗容易漏水。
1|0|0|doc47819-1|思域车内高度不够,有点小压抑,而且日本车子比较轻
1|0|0|doc11066-1|自打买了车，前后左右邻居都唱衰我，这个说transmission不好，那个说车大排量小加速感不够，还有说颜色不好看，外形丑,竟然还让一个菲律宾大叔笑话说买贵了。
1|0|0|doc47760-2|持之以恒的不喜欢大众,总觉得做得很粗糙,不能总以欧洲的粗犷来掩饰自己细节的粗糙吧,空间一如既往的不够大,空调一如既往的不太好,内饰一如既往的不够细腻~!
1|0|0|doc47460-2|反而宝马的外型不够大气~承你贵言!
1|0|0|doc47964-1|感觉钣金仿皇冠,内配做作,座椅做工也不够精致
1|0|0|doc46678-2|因为奔驰看着老气,宝马内饰不够科技,奥迪整体更年轻更运动
1|0|0|doc46442-1|就是外形不够帅气。
1|0|0|doc46904-1|奥迪实在不够吸引若有兰博基尼则自动升为众妃之首
1|0|0|doc23366-1|别克也不过如此
1|0|0|doc45257-1|相比我喜欢c30雨燕是个好车,动力强劲奥迪不行,还是奥托吧
1|0|0|doc48465-4|后面的不说了,保时捷宝马之流,果然不行……
1|0|0|doc9317-1|本田，日产，马自达不行后，现在本田也不行了
1|0|0|doc8661-1|通用的汉兰达肯定不行，爬坡爬不动。
1|0|0|doc20652-1|日本车还是不行啊!
1|0|0|doc44851-2|途观的驾乘感和q5不再一个档次上,q5基本是高档车的感觉,途观不行加速“肉”外观“四不像”。
1|0|0|doc47532-2|大众有些车安全性也不行……
1|0|0|doc27060-1|额开奥迪的技术不行的哇追你妹啊！！！
1|0|0|doc17453-1|就是推广不行，并且没有将运动基因贯彻到底，如果是，也许卖得更好。
1|0|0|doc30354-1|估计销量不行，才采取的极端手段要真打起来了，真是怎么死得都不知道~~
1|0|0|doc44555-1|点评了商户奇瑞天杭4s店,总体评价二星:国产差质量不行,国产车的销售也不行
1|0|0|doc24290-2|日本丰田总部展厅，傻逼小日本很阴险，很多车型留着自己用，一些车型在日本卖不动就卖给中国，还做减配和廉价零件等手脚降低售价，汉兰达在日本不生产，因为性能不行！
1|0|0|doc46891-4|jaguar之前挺好看,现在也难看了,质量也不行
1|0|0|doc16778-1|日本车还是不行啊！
1|0|0|doc22583-1|结果坐在后座的锐冒出一句:奥迪车不好,爸爸妈妈我们换辆电动车吧.
1|0|0|doc45585-3|奔驰宝马太招摇,吕总又说奥迪不好,只剩大众可以考虑了。
1|0|0|doc46883-1|她说奔驰不好,还不如买奥迪
1|0|0|doc13942-1|欧洲车市不好，不过竞争依然激烈。
1|0|0|doc45578-1|奥迪q5,品牌不值50万,还烧机油,不推荐,xc60找了jl当爸爸,不知将来怎样,怕修理不方便,保值率也不好,推荐x3,他说不喜欢新款的灯,我说宝马设计比较超前,看看就习惯了,另外如果对日本车不排斥霸道很不错,能吃粗粮
1|0|0|doc45099-1|完全就是调教问题哎,我一直不喜欢奥迪就是因为它的ff驱动机构,头太重,容易吃胎,操控不好,虽然它那套四驱听着挺牛的
1|0|0|doc45201-1|我唯独对丰田情有独钟,这绝不是我哈日,而是我喜欢丰田车刹车系统不好…
1|0|0|doc48152-3|喇叭不好,说我们驾驶习惯不好!
1|0|0|doc7796-1|雪佛兰科鲁兹---耗油，本田思域丰田卡罗拉日产轩逸---日系，不考虑，标志408---讨厌车标，车型也难看，雪铁龙世嘉----外形不好，大众朗逸----内饰差，加价提车，售后超差
1|0|0|doc47175-1|回复:就是我还是喜欢越野哈用的奥迪的心脏,不好!
1|0|0|doc48423-3|开国产车象到了发廊,提心吊胆,质量不好,性能也不差
1|0|0|doc47004-1|a1不好看呀,还是a7霸气~#新车快讯#奥迪a1敞篷版曝光
1|0|0|doc46664-1|靠~a7没特点,所有奥迪都差不多,新款clk不好看!
1|0|0|doc14581-1|别克看着胖，不好看。
1|0|0|doc46047-1|悍马不好看!
1|0|0|doc47966-2|其实我觉得这辆车不好看,没有宝马5系旅行版好看
1|0|0|doc45393-2|大片子轮毂,一点缝隙没有,糊的死死的,不好看
1|0|0|doc46850-1|那车屁股不好看……
1|0|0|doc46948-2|样子不好看,车标太猥琐……
1|0|0|doc22833-2|没错，太高档的车汽油标号要求也高，维修也不好找地儿，太不适合去西藏了。
1|0|0|doc10255-1|定价不合理，经典款式供应不足，刻意制造短缺。
1|0|0|doc48483-1|奥迪比大众车还不厚道。
1|0|0|doc48327-1|宝马后期保养太坑爹配件一般情况是不会到位的
1|0|0|doc25334-1|虽然这款车丰田出的叫harrier（鹞）但是它并不是高性能也不会飞。
1|0|0|doc18641-1|汽车空调不会冷..
1|0|0|doc47385-3|这三个品牌的suv操控最好的是q7,真正的宝马粉都不会喜欢x5的操控,ml/gl最一般
1|0|0|doc47518-3|买车我不会选mba奔驰宝马奥迪,因为太大众了,也让人觉得装逼,我会选外表低调,其实很劲爆的东西
1|0|0|doc44851-1|美车不及日德
1|0|0|doc47952-2|从行走感受而言,x3固然是兼具了操控性和舒适性的,奥迪的q5只有在驾驶3.2fsi车型的时候才有本钱在马路上小撒野一下,而且操控感受的确不及其他两部车。
1|0|0|doc47549-4|但相对而来的就是漏风和隔音不佳的问题,还有就是油耗偏高
1|0|0|doc45562-2|奥迪一贯的方向回馈力度不佳路感较为模糊,不喜欢,节能的停车熄火模式个人很不适应影响驾驶流畅感受,总觉的车子是不是故障
1|0|0|doc48126-1|一当地司机讲,大众车不适合炎热的泰国,发动机故障很多,口碑不佳
1|0|0|doc45321-5|而且国产的质量不见得好一点…
1|0|0|doc20501-1|熊宝，去看下#雪佛兰科帕奇#白色还是黑色好看，途观的口碑实在是不尽如人意。
1|0|0|doc21420-2|车不能看性价比的，奥迪等车是王道，像菲亚特这种车不禁撞，前一段时间上海一辆菲亚特被酒家车撞飞，车里人很惨。
1|0|0|doc24402-1|昨天的事故照片，因为前面一辆奥迪追尾货车，停在道路中间车道，那个车道的飞度看到有车，突然变道到旁边逍客和皇冠所在的车道，逍客急刹，皇冠急刹，来不及了，3车追尾，皇冠在最后，全责，但是主要原因是奥迪没打双跳，没放警告标志，停高速中间，飞度随意变道，还有就是日本车真tm不经撞
1|0|0|doc11617-1|没想到奥迪a4这个在中国卖的火的不得了的车，其实不堪一击～～美国最新的汽车碰撞试验
1|0|0|doc46798-1|相对于几千块的钢琴来说,260多万的奥迪r8貌似根本不靠谱
1|0|0|doc6831-1|奇瑞那辆城市suv应该叫瑞虎吧，今天彻底改变我对奇瑞这个牌子的看法，人一索纳塔直接后入式结果凹了半张脸，奇瑞只是屁股擦破皮，看来棒子的车也不靠谱
1|0|0|doc21014-1|日产太不靠谱了，纸一样的品质，这不是第一次了，防撞钢梁用泡沫塑料，天花板填充包装箱纸，这次又这样，不知道这个负面应该怎么撤除啊！！！
1|0|0|doc17966-1|通用的车不靠谱！
1|0|0|doc31215-1|马自达日产本田丰田什么的怎么感觉很不靠谱。。
1|0|0|doc44906-1|omg,不可爱了不是太喜欢,总觉得tt应该是一款独立于奥迪主流造型风格的前卫小车…
1|0|0|doc19730-2|这两种车在路上普遍都不老实，路线诡异，思维方式异常，透着一股子邪劲！
1|0|0|doc45138-1|rs系列和tts是所有奥迪中我最喜欢的,但还是车头偏重,所以开起来更不灵活,操控的空间更小
1|0|0|doc47648-2|不买日本车,不喜欢大众奥迪,买不起宝马奔驰
1|0|0|doc18105-2|美国汽车市场中，本土企业的只有一家没破产了（没记错应该是福特），德系车在美国人眼里不耐用、耗油、保养还贵，韩系低档，日系保有量占绝对优势，很多车型是面向北美开发的，就代表质优耐用经济。
1|0|0|doc46182-1|,奥迪的配置也足够丰富,奔驰却还是以一副盛气凌人的姿态死活价格不亲民,后来又自扇嘴脸的降价,我想汽车最核心的部件是发动机,没有一个出色的心脏我想再豪华的品牌也会没落…
1|0|0|doc47866-1|普遍对新款a6l的外观不认同,认为它已经缺失了奥迪的灵魂
1|0|0|doc47983-1|目前来看,除了高端品牌宝马奥迪奔驰等的单车利润还可观,合资品牌通过4s店平台还能带来配件或者金融衍生品利润(保险等),4s店模式的前景不容乐观
1|0|0|doc20386-2|过度接近的前脸设计，看细节都不容易分辨，跟宝马起亚的设计有很大的区别
1|0|0|doc46892-2|奔驰e级l前脸虽然霸气,但侧面和尾巴明显不如宝马5系li和奥迪a6l,还起价46万多,当社会精英(此精英非爆发户,是暴发户早买100万以上的车了)是傻货吗?
1|0|0|doc48314-1|1、奥迪a41.8t发动机不如2.0原来不一定带t就好哦。
1|0|0|doc48359-2|而德系的大众、奥迪,个人觉得外形不如日系,q7甚至还觉得有点臃肿
1|0|0|doc22015-2|被告知越野性能不如普拉多。
1|0|0|doc47786-1|总觉得新a6的前大灯不如老款霸气
1|0|0|doc47364-2|volvo的s80l不如以往强调安全了,渐入佳境的辉腾再让自己的“帕萨特”飞一会儿就算了吧。
1|0|0|doc47992-1|据网易了解,lexus近两年在中国的发展并不如意,比起在北美长期领军豪车阵营,中国的发展似乎是力不从心
1|0|0|doc25273-1|绝对是比亚迪的炒作且一点不入流！
1|0|0|doc46716-1|有凌志(好像是240),有宝马3系,比较推荐奥迪q5,可能会稍贵点有小孩不适合用cc了,我试过后面很窄的,只是外型好看,不实用
1|0|0|doc46891-5|昨天刚发觉porsche低端不太贵,但是sedan太难看,suv我不喜欢,跑车又不实用
1|0|0|doc47633-1|这个玻璃颜色不喜欢看起来不是很符合奥迪的品质
1|0|0|doc45821-1|马自达8不是很好,没有feel,旅行车嘛我推荐大众进口的高尔夫或大众进口的迈腾,很不错的,价钱也差不多的
1|0|0|doc9464-2|在看新款本田crv，感觉内饰好多塑料件，不是很舒服的样子？
1|0|0|doc47709-1|2011成都车展#没有看过宝马m1啊,个人不是很喜欢宝马这个品牌,更喜欢捷豹或者奥迪一些,也不知有什么这2个品牌,有无新车发布。
1|0|0|doc47398-1|奥迪本来就不是什么好货,不知道为什么那么多人喜欢华星名仕4s店相关负责人今日接受成都全搜索新闻网记者采访,称针对当日发生的事情,4s店已经和顾客协商解决
1|0|0|doc45559-2|不是太喜欢,总觉得tt应该是一款独立于奥迪主流造型风格的前卫小车…
1|0|0|doc44839-1|我还是喜欢x6或者q7crv新款已经不是我的菜了
1|0|0|doc47124-1|奥迪不是我喜欢的车系,但看上去外型不过不失lol.
1|0|0|doc45551-2|奥迪的科技感真的很强,很喜欢,特别是音响,宝马5系的音响不是一般的烂
1|0|0|doc48152-5|那我说宝马奥迪都没出问题,为什么唯独这126年的汽车发明制造者梅赛德斯奔驰会出问题,只能说奔驰不适合在中国大陆上销售!!
1|0|0|doc47090-1|不对不对,奥迪a4似乎不适合我,我喜欢jeep牧马人
1|0|0|doc30809-3|粉色奥迪曾是我的最爱，但是超级不适用，后排恐怕只能坐小朋友这个车队一万
1|0|0|doc47183-1|百得利奥迪贴士#有些人买轮胎特别喜欢强调“进口”,国外推出的新款轮胎对国内的用户来说有一个最致命的缺陷就是不适用
1|0|0|doc47508-1|宝马坐着不舒服;
1|0|0|doc45092-1|可我不喜欢奥迪,我真变有钱人,我会把法拉利或者兰博基尼搞成粉色的,虽说其实坐兰博基尼怎么坐怎么不舒服,俺还是比较爱等你成功变有钱人了带偶们去兜风~
1|0|0|doc26248-1|起亚的车开起来不舒服丫！
1|0|0|doc46216-1|你可以选择自己喜欢的颜色,但如果是黑白格子的话有可能让别人觉得不舒服
1|0|0|doc45477-1|奥迪坐起来一点都不舒服
1|0|0|doc47122-3|3、座椅不舒服。
1|0|0|doc48175-1|所以奥迪给我的印象一般都是不爽,通常我都会斩灯喇叭果断暴力爬头解决…
1|0|0|doc34370-1|难怪怎么看这假丰田都不顺眼，苏f01r96，这种无耻无赖无节操无底线的人渣就该po上来曝光！！
1|0|0|doc22311-1|这台新款新款起亚索兰托2.4，据车主反映起步不算十分给力，最为不满的是高速提速十分吃力，110速超车必须将挡方可，超过120时速后提速很慢。
1|0|0|doc21131-1|比亚迪，不踏踏实实做产品，无脑的搞事件炒作，但你能不能策划好点啊，但由于策划拙劣，痕迹明显，演员雷人，真是让人作呕！
1|0|0|doc46165-3|缺陷目前感觉a柱视觉不太好
1|0|0|doc7835-1|感觉刹车功能不太好，好危险啊！
1|0|0|doc48242-1|奥迪今年也是大手笔,提前两个月动工,室外单独建馆,室内二层还能做试驾,就是稍显小了点,人流流动规划也不太合理。
1|0|0|doc44853-1|不太稀饭别克!
1|0|0|doc44939-1|suv车型我大爱啊,但不太喜欢crv
1|0|0|doc46540-1|如果是些小毛病,比如,什么灯光,音响之类的,可以找个不吭爹的一次解决,如果类似烧机油,进而引发什么启动困难,怠速抖,epu报错等并发症,还是换车吧,这个大众工程师也没解决的办法你给个方案不太喜欢奥迪!
1|0|0|doc45528-1|好纠结啊买a4还是325选不好啊奥迪么烧机油那么厉害宝马么本人不太喜欢大家给个意见
1|0|0|doc46953-1|对奔驰跟宝马~我还真的都不太喜欢~~从奥迪a4l开始~对于奥迪倒是充满了很大的兴趣~~
1|0|0|doc46558-1|我也不太喜欢大众
1|0|0|doc47431-1|现款的奥迪我不太喜欢,特别是尾部
1|0|0|doc47494-2|相比之下s5的风格有点不太喜欢,可能是我不懂这款车吧
1|0|0|doc48563-2|升挡过快,变道不稳!
1|0|0|doc44962-1|我不喜欢奥迪a4。
1|0|0|doc47174-1|a6l我不喜欢
1|0|0|doc46761-1|a7的配置肯定会根据定价来讨好消费者,但是我不喜欢,除了驾驶风格,他的外形我已经疲劳了
1|0|0|doc46891-3|从一个bmw烂大街的地方出来后,我不喜欢bmw
1|0|0|doc27159-4|后来看标志508，大众新迈腾，别克新君威，标志508法式浪漫，外形很多认说优雅好看，但我着实不喜欢圆润的造型，半保留。
1|0|0|doc46946-2|奔驰倒是烧机油的少,不过销量更少其实我也挺喜欢mini、5系、slk的,奥迪也有丑车,比如我就不喜欢q7一汽奥迪情何以堪啊
1|0|0|doc46248-2|亲,最近我不喜欢z4,爱上a7sportback了,造型太销魂了,偶要学你走低调路线
1|0|0|doc44995-1|偶也不喜欢丰田其实我不大喜欢奥迪。。
1|0|0|doc45007-1|这个准不不准啊,还好我不喜欢奥迪!
1|0|0|doc45173-1|2012年新款车型,可是我怎么也不喜欢奥迪这个品牌,感觉太过于平凡普通,q5在外观上没有太大的变化和亮点,只是车轮发生了变化,又一款混合动力车,是对石油一直涨价的不满吧。
1|0|0|doc45280-1|(ft)我说我怎么从来不喜欢奥迪呢。
1|0|0|doc46539-1|我--奥迪,我不喜欢奥迪!
1|0|0|doc46645-4|不喜欢奥迪的原因:一、拿千篇一律当卖点;
1|0|0|doc46665-1|虽然我不喜欢奥迪!
1|0|0|doc47109-1|合适合适~~嘿嘿我不喜欢奥迪
1|0|0|doc47170-1|可不可以换一换,我不喜欢奥迪,我喜欢奥利奥
1|0|0|doc44883-1|怪不得我不喜欢奥迪a6
1|0|0|doc45022-1|hold不住,不过不喜欢粉红粉色奥迪r8~
1|0|0|doc45184-2|我真的不喜欢宝马奔驰奥迪有木有,尤其是奥迪,10辆有5是宝奥奔,5辆中又有3辆是奥迪,凡不凡凡不凡啊!
1|0|0|doc46591-1|大户还是奥迪靠谱准备入手a4了不喜欢宝马嗯
1|0|0|doc46970-1|我一向不喜欢宝马,除了它旗下的mini,我就爱大众,奥迪,还有jeep,还有大众公司旗下的那么多品牌相当的炫啊~~~
1|0|0|doc47515-1|哈哈哈我不喜欢宝马我喜欢奥迪奥迪双钻我的伙伴
1|0|0|doc45086-1|今儿改目标不喜欢沃尔沃,说宝马7系好,姐咋看也不喜欢,关键也是没银子
1|0|0|doc47003-1|问我宝马奥迪奔驰喜欢哪一种,我会说,我都不喜欢,要喜欢就喜欢霸气的兰博基尼
1|0|0|doc45496-3|不喜欢宝马奔驰…
1|0|0|doc45540-3|没有办法不喜欢奔驰了!
1|0|0|72470-182409|我不喜欢奔驰啊,喜欢水瓶座的奥迪哦你这是转发的啥子啊射手怎么这么射手座这是要开大敞篷嘛!
1|0|0|doc47145-1|貌似我现在最不喜欢奔驰
1|0|0|doc7082-1|其实我不喜欢奔驰宝马奥迪，我喜欢凌志，对它有种独特的情感，每次路上有一辆凌志开过去，我就会停住脚多看几眼。
1|0|0|doc24706-1|我说我不喜欢本田。
1|0|0|doc45464-1|我一点都不喜欢本田!
1|0|0|doc45471-2|我最不喜欢的就是本田系列,尤其是雅阁!
1|0|0|doc46219-1|虽然我不喜欢比亚迪
1|0|0|doc46740-1|所以我非常非常非常的不喜欢标致505,它更像捷豹恐怕有这种问题的绝非奥迪一家
1|0|0|doc18794-1|现在特不喜欢别克车，特别是宝石蓝的别克君威，不知道为什么。
1|0|0|doc11419-2|可惜系大众旗下我不喜欢！
1|0|0|doc45606-1|我是很不喜欢东风日产的,太傲慢了
1|0|0|doc21874-1|我不喜欢丰田！！！！
1|0|0|doc46152-1|我也不喜欢福特福特,老美的车子,左舵,大的不得了,看着就来气,主要是我不喜欢福特,奥迪q7的话我就不气了你老公新买了什么车?
1|0|0|doc46861-1|不过我不喜欢卡宴,我喜欢那个帕拉啥的
1|0|0|doc45537-1|我不喜欢马自达!
1|0|0|doc46120-1|她不喜欢这种偷偷摸摸的行为,那车'方方的象个蛋糕'也不喜欢,男孩老不交本子'一点也靠谱'
1|0|0|doc45410-2|我不喜欢跑车!
1|0|0|doc45381-1|我为什么不喜欢前驱车?
1|0|0|doc46891-1|日系不喜欢,韩系没人喜欢。
1|0|0|doc45124-2|我喜欢奥迪,不喜欢这种土豆泥
1|0|0|doc46937-1|我更不喜欢拖拉机
1|0|0|doc45585-2|同级别同价位的还是它最好,可惜新款我不喜欢!
1|0|0|75555-186007|哈哈,我喜欢,够拉风大，越野,才是白羊我不喜欢红旗,喜欢奥迪
1|0|0|doc46935-1|爸爸总是问我想买什么车,今天无聊看看,最近好喜欢奥迪的,一圈一圈的,宝马的标志不喜欢,虽然何以琛是宝马的,舅舅是奔驰的,还是我喜欢的水晶银,那我就买奥迪吧,奥迪a4l,不过毕业爸爸才给我买,那时候会不会out啊
1|0|0|doc45102-1|宝马的新5系的设计风格个人不喜欢,趋于平庸化,可能更贴近一些中产的审美吧
1|0|0|doc47640-2|本来超级不喜欢那个怪模怪样的车
1|0|0|doc46199-2|个人觉得不好看真心不喜欢这个灰色的杠杠,不过看在奥迪的份上,等我有钱起不知道等到什么时候
1|0|0|doc47538-3|开了一个星期的雅阁,很不喜欢这车的驾驶感受,太累人了
1|0|0|doc46684-1|哈哈,所以我从来不喜欢奥迪/a1居然不是防爆轮胎?
1|0|0|doc46436-1|本人不喜欢奥迪这个品牌,总觉得有种小三跳着脚地着急想被扶正却又无门的感觉
1|0|0|doc47206-1|a6创造了行政级轿车这词,把宝马5系和奔驰e级都拉下水,套娃式的前脸我不喜欢,有的是人捧臭脚
1|0|0|doc47855-2|而且内饰还是更喜欢奥迪一点点,主要是不喜欢宝马的手刹设计,有点土…
1|0|0|doc46469-1|330i不敞篷时外观真心不喜欢
1|0|0|doc46682-1|我当大官了就买辆奥迪q7当总裁了买辆奥迪r8做生意起步了的话一辆宝马760li吧,奔驰不喜欢外观没奥迪宝马的好看!
1|0|0|doc46377-1|想买台30万左右的suv森林人的外观不喜欢rav4的4速变速箱很无语途观的加价和性价比很无奈现在考虑bmwx1或是等奥迪q3国产这两款如何呢?
1|0|0|doc45380-1|我不喜欢tt的外形…
1|0|0|doc46891-2|我不喜欢奔驰的长相,奥迪也是
1|0|0|doc45039-1|不是得瑟,我真的不喜欢宝马5的长相,我喜欢圆滚滚的奥迪q5,谁能出个主意帮我说服杨老爷,我请他(她)搓大饭!
1|0|0|doc46965-2|丰田去死奔驰不喜欢奥迪
1|0|0|doc46446-2|以前不喜欢奥迪a6,觉得官气、商务、不属于家庭用车
1|0|0|doc47681-2|闲来无聊,带果试驾了两款车,国产奥迪q5起步超级肉,不喜欢,奇怪大马路上为啥那么多q5;
1|0|0|doc46603-2|不喜欢桑塔纳夏利…
1|0|0|doc47798-1|奥迪a7既不显大气、又无霸气,看上去倒有些憋气,呵呵!
1|0|0|doc45038-1|呵呵无视奥迪mb不新鲜,911和捷豹已列为设计上的对手。
1|0|0|doc29965-1|这么多单消息，从逍客到奇骏，对日产的安全性高度不信任。
1|0|0|doc47501-1|不要奥迪
1|0|0|doc26255-1|福特真不要脸，拥有过的品牌，都要把人家的精髓抄来！！！
1|0|0|doc24924-1|停车在别人车库门口，这类缺德的事情怎么总少不了你们丰田，特别是凯美瑞，不是我针对你们，是你们自己不要脸我在:
1|0|0|doc47037-2|握手大品牌讲零缺陷,其实都做不到,我的奥迪a8-6.0的,小毛病还是很多,服务也不咋的,很不满意
1|0|0|doc16128-2|丰田呢，车款辆辆千篇一律，没点儿新鲜感，车的质量也不咋的。
1|0|0|doc46148-2|傻逼才买辉腾不咋滴,辉腾而已我的是拖拉机,悲催啊你的大众也不咋地嘛我狮子,我爱兰博基尼!
1|0|0|doc26750-1|奥迪现在开的人多了a4a6素质也不咋地；
1|0|0|doc26040-2|参观上海大众装配流水线，感觉与底特律的福特流水线差不多，但参观全过程感受差很多，大众的参观收听设备真不咋样。
1|0|0|9324-28589|我以前也推荐过别克，但是现在看看好像不怎么行，还有一个值得说说的国产车――比亚迪。
1|0|0|doc48023-5|奔驰吧,不怎么好
1|0|0|doc46481-1|我就一直不怎么喜欢奥迪车!
1|0|0|doc47231-1|鼓掌~其实我不怎么喜欢奥迪,也就这么说说呀!!!
1|0|0|doc47362-3|我觉得适合女人车,mini新款外观不怎样,smart又太过迷你q
1|0|0|doc25188-1|目前，每年途观车型在美国的销量只有不到30000辆，很有可能是因为腿部空间和载货空间狭小，相比同级别的本田cr-v和丰田rav4车型并不占优势。
1|0|0|doc48461-2|维修不方便,而气管的寿命不长
1|0|0|doc28624-2|林肯的轿车mkz、mks，suv车型mkx、mkt、领航员，产品竞争力不足，传统4s店模式的巨大投入会让成本收回变得很漫长。
1|0|0|doc22543-1|后排略显不足.
1|0|0|doc47409-1|坐进去驾驭感不足
1|0|0|doc22543-5|驾驶体验：热车后开空调起步动力不足.
1|0|0|doc48366-1|但座椅舒适度不足。
1|0|0|doc48557-1|但减震硬,舒适度不足
1|0|0|doc14233-1|丰田就更惨啦
1|0|0|doc13149-3|再看看我国的比亚迪，吉利，不是气囊不会爆，就是车头灯进水，总之做出来的产品惨不忍睹。
1|0|0|doc14646-1|今天来到起亚4s店做保养第一感觉就想买车不过隔壁的斯巴鲁销量好像很惨淡啊……
1|0|0|doc26060-1|嘉兴雪佛兰很操蛋的，我的乐骋，在保修期内发现一个缸缺火，4s直接复位报警，不给处理，还信誓旦旦的说没有问题，今年出保了，报警又出现了，他们就说发动机出问题，要解体检查，我草泥马啊，在保的时候有问题不彻底检查处理，出保了就使劲宰人，太差劲求建议
1|0|0|doc14636-2|#口碑分享#蒙迪欧-致胜车主口碑截取：装配的比较糙，首保做完拉高速时居然提示发动机故障，当时是160km/h的速度，想吓死人啊。
1|0|0|doc9916-1|5.26比亚迪出租车爆炸危机虽然化解，但真正的安全隐患没排除，按目前技术，一个电动车如果要有一定续航能力，车载电池的重要将严重影响车辆的控制，电池太重，车辆转弯将可能侧翻。
1|0|0|doc45381-2|因为前悬太长,从美学上,侧面不好看
1|0|0|doc12593-9|赵本山说：车到山前必有路，可惜丰田刹不住！
1|0|0|doc20193-1|左边比亚迪车差人品更差，右边奥迪仗着没牌嚣张至极！
1|0|0|doc46434-2|这种车安全性能爆差,4个咕噜的车稍微逼一下,他们就可能倒地
1|0|0|doc48475-2|新3上市体验活动,bmw的优势不是一点点,奥迪a4l开得像船,刹车差油门重,甩的厉害车头太重;
1|0|0|doc45487-3|最大的两个缺点,一是发动机噪音大,二是车身整体性也就是方向盘和底盘一体性较差,这个缺陷在这个价位的车不应该出现。
1|0|0|doc9201-2|噪音大，齿轮箱差，经常窜车和换挡时的大动静，而且刹车时抖动等。
1|0|0|doc47024-4|在售后方面做好点吧,就是你们的车-动力太差,加强点吧
1|0|0|doc10650-1|起亚爱积碳，居然还说出来油耗高、动力差这个是事实，居然还赖在市区低速行驶
1|0|0|doc48402-1|服务意识极差!
1|0|0|doc48402-1|看看奔驰仁浮的服务，奔驰的服务我真觉得比奇瑞差---南方都市报：花新车价钱淘来“二手货”-赶在限牌前，市民张先生买了一辆奔驰轿车。
1|0|0|doc47385-2|服务最好的是宝马,车最皮实的是奥迪,服务差,质量也闹心的是奔驰
1|0|0|doc29980-1|别克通海的服务起来越差，真是忍无可忍了。
1|0|0|doc27946-3|并且服务质量最差死人服务员可以话g眼看人低的...
1|0|0|doc16680-4|做工粗，处处手感糙，椅子硬，顶着腰子，隔音差。
1|0|0|doc19457-3|全世界都知道德国车可靠性差，就中国人相反。
1|0|0|doc11319-1|用了东风日产原装电瓶二年多一点，电瓶就鼓起来发不动车了，只能又换，日产配件质量太差
1|0|0|doc46159-1|首先是配件质量差,其次是服务店调包!
1|0|0|doc48459-1|价格没疯,配置差的真的疯掉了,我这个宝马托都看不下去了
1|0|0|doc47409-3|视线差,比我那辆还低且窄,不知是错觉是幻觉
1|0|0|doc31578-1|想买奥迪的朋友请看过来，奥迪售后确实差，跟宝马奔驰没法比。
1|0|0|doc11352-2|别克4s店的销售，态度差，又牛皮哄哄的，车没高6好，把英朗都能吹上天。
1|0|0|doc46654-2|另外今天去看a7的时候,奥迪的销售态度可真是差啊。
1|0|0|doc46681-1|性价比太差!
1|0|0|doc45276-2|引擎自动熄火和重启的顿挫感比宝马1系列差一些。
1|0|0|doc46161-3|今天陪五哥看了一个下午的车,发表几点感受:北京现代朗动实车质感差,五哥说丑到爆;
1|0|0|doc7041-1|机械增压的a63.0t去年被评为全美质量最差车，和捷豹xf并列全美质量最烂，途锐总算不垫底了机械增压的应该比一般的少烧点机油吧
1|0|0|doc26036-2|这么轻的擦碰丰田都会断轴（而且是老款原装进口的），看来日系车的质量真的差到家了！
1|0|0|doc46880-1|美国最权威的杂志《消费者报告》每年都把奥迪评为世界上质量最差、可靠性最差的车之一
1|0|0|doc32801-1|他还借口说，国产车质量差，德国车太贵买不起！
1|0|0|doc48117-1|玩过四驱车的骚年都知道双星的质量和做工是最差的,真正的四驱咱家都用双钻奥迪还记得你们当年的第一辆四驱车么这辆买过转发微博
1|0|0|doc27946-1|主要是那个服务差到死！
1|0|0|doc47616-1|买这个车需要关键时刻能镇的住气场,但我觉得新a8l还差的很远
1|0|0|doc46366-2|日产天籁,配置丰富,皇冠好点,锐志差点;
1|0|0|doc46192-3|不过过弯性能还是差点,如果后驱车相信会好很多!
1|0|0|doc48002-1|宝马3系作为这个细分市场的鼻祖,表现尚可,奔驰的c的表现就是差劲了。
1|0|0|doc10226-1|audi的服务意识真tmd的差劲。
1|0|0|doc29427-1|比普通的科鲁兹贵个2万,质量还这么差劲,太尼玛坑爹了~售后服务更差劲,坐在前台跟大爷似的,这么多的服务行业的奇葩也不知道雪佛兰公司是怎么培训出来的?
1|0|0|doc48001-2|奥迪后保险杠被撞裂,就得出质量真差劲
1|0|0|doc48269-1|和奔驰宝马还是有品牌差距的
1|0|0|doc2151-2|但是奥迪的品牌跟奔驰比还是要差蛮多的。
1|0|0|doc26534-1|话说图片上阿斯顿马丁式的大嘴很销魂，可视频里实际整车效果有点差强人意的感觉，缺少些新鲜感。
1|0|0|doc16680-5|2.0的比锋范1.5的动力还差一截，换档顿挫感明显。
1|0|0|doc17809-1|奇瑞真没怎么抄过，看看长城比亚迪抄袭和假冒才是我们的特长，创新那是扯淡！
1|0|0|doc48040-1|想买奥迪,奔驰带导航配置的车主注意了,我有好多朋友买了这些配置的车,导航都是超级旧的。
1|0|0|doc25273-2|这个所以的高科技，绝对是不计后果的炒作和社会安全隐患，比亚迪应该意识到，趁还没有出大事，严重请求其取消这个可怕的功能。
1|0|0|doc17510-2|不好用的导航仪配上别说11寸屏幕，就是配60寸平板也是扯淡啊！
1|0|0|doc28454-4|方向盘比较重，同日本丰田柴油suv最大的区别，感受trailbrazer油门很沉，踩下去，动力有点延时。
1|0|0|doc48567-1|缺点:动力与s80l、xc60无差别,中控台布局造型陈旧。
1|0|0|doc23553-2|世爵本身的动力研发能力较弱，主打车型c8的4.2lv8发动机购自奥迪，最大功率为406马力，在超跑中成绩平平。
1|0|0|doc26565-2|今儿看见一别克车，车主硬生生把它改成了跑车模样，这就是吃饱了撑着，闲的蛋疼！！
1|0|0|doc46718-1|但3.6发动机对于如此庞大车身感到起步吃力,提速力不从心,还有换挡顿挫
1|0|0|doc26565-1|（车开太快了来不及拍照，反正比三菱的跑车型还丑。
1|0|0|doc47064-1|中国汽车的车标一个赛一个的丑,你造汽车不行,连个车标也设计不好?
1|0|0|doc46417-2|浅色内饰丑丑丑!!!
1|0|0|doc28447-2|这个屁股确实难看至极本田今年的新车都一个德性，前脸好看，屁股超丑..............
1|0|0|doc46819-3|外形上,奔驰秀气而大气,宝马的猪鼻子张扬的一塌糊涂,只有奥迪,led行车灯非要搞一个所谓的海鸥造型塑造运动感,除了丑还是丑,可惜了丫独创的大嘴所带来的霸气
1|0|0|doc22619-1|由于油门踏板和脚垫、刹车系统出现问题、油管存在漏油风险的原因，丰田多次召回其在全世界各地的车辆。
1|0|0|doc44903-2|可惜的是这个胖家伙不是中国制造的,国产车的制造和研发水平还是处于劣势的,从外观上应该能寻找一些创意和突破口吧?
1|0|0|doc22786-1|日产天籁更是刺鼻恶臭，如果夏天中午开车，估计一般人十分钟就要晕倒了。
1|0|0|doc44469-1|实在不喜欢跟在奥迪a4l后面,那个刹车灯太刺眼了,影响后车
1|0|0|doc46413-1|奥迪的尾灯特别刺眼,每次在路上都不敢跟着,自己喜欢别人恨
1|0|0|doc9372-1|设计拯救韩国汽车：韩国车以前给我的印象是外形平平，内饰土气，机械粗糙。
1|0|0|doc45487-1|缺点,做工粗糙,有失奥迪的水准,但这个是可以容忍的
1|0|0|doc21081-2|非独立悬挂，无底盘防腐涂层，脆弱纤薄的后桥，粗糙的裸露的封胶！
1|0|0|doc30575-2|日本车真脆弱啊！
1|0|0|doc15575-2|难怪日系车那么脆弱……
1|0|0|doc27343-2|奥迪的玻璃这么脆弱…………
1|0|0|doc15135-1|奔驰在中国的问题错综复杂，论政府关系不如奥迪，论品牌个性不如宝马，论性价比不如日系，再加上经销商问题迟迟处理不好，导致现在的状况就不奇怪了
1|0|0|24122-73761|我就想着我心心念念的那个别克的昂克雷，其实它又大又贵的好像还特别费油。
1|0|0|doc14055-1|automotivenews9月25日的新闻china''sautomakersfindnewsuccessatmakingbettercars狂吐槽中国自主品牌，尤其是吉利，大爆其熊猫完全copy丰田在欧洲的车型aygo，而且还偷工减料，不考虑安全，被批得体无完肤！
1|0|0|doc24818-1|亲身经历相对其它车：大众，丰田，日产算是好的了，反正新车味都大，要不断通风，新车开始一段时间我都不敢让儿子上车。
1|0|0|doc1209-1|又一次抛锚，电瓶才用两年就彻底坏了，汽车价格打折，质量也跟着大打折扣
1|0|0|doc48218-4|相比较而言迈腾(虽然空间大的离谱)也不够好……
1|0|0|doc28035-1|8月日系车在华销量减少，丰田比上月大降15%，而与上年同期比较，德系、美系分别增长25%、21%。
1|0|0|83479-196341|只是后来发现居然只有前排两个车门和后备箱门,大失所望
1|0|0|9481-29070|奥迪开始走大众化的道路了。
1|0|0|doc47941-3|比开奥迪之类的大众脸好多了!
1|0|0|doc35033-1|既速腾，迈腾后，大众推出新车蛋疼…
1|0|0|doc14475-2|比亚迪要倒闭的，垃圾企业，家族式管理，狂妄自大吹牛皮却又没什么水平（管理水平，技术水平）。
1|0|0|doc45148-1|日产就会忽悠,很到位
1|0|0|doc9787-2|美国特色，大排量加马力低............
1|0|0|doc18876-1|比亚迪的炒作太低端了，就为炫遥控这个功能，尼玛海归还开比亚迪？
1|0|0|doc22186-1|大众汽车像它的名字一样不愧是低端车世家！
1|0|0|doc14636-1|后来一查是涡轮进气口松动，虽然不算大问题，也不会诱发重大事故，但这种低级错误着实不应该出现啊。
1|0|0|doc23331-1|比亚迪这样来做广告就有点过了，藐视法律，低级的炒作方式！
1|0|0|doc47523-1|我也喜欢,但是大众太坑爹了,a4的低配内饰全塑料,并且还加价卖,因此转而喜欢迪奥了
1|0|0|doc45146-3|其次是迈巴赫的内饰,r8的内饰真是太难看了,奥迪车都这么低调。。
1|0|0|doc25754-1|奥迪a8l的底盘那么底，没有想到被我蹭了一下，还是得买越野！
1|0|0|doc47792-2|这个有点准的,玛莎拉蒂嗲到不行我真的是喜欢奥迪a4
1|0|0|doc21377-1|这样看来总结了几点，路虎动力好，途观点很背，丰田趁手红点灯笼赶紧买彩票！！！
1|0|0|doc47616-2|不说别的,即便它的动力经过提升,在三大传统豪车的顶级车中依然垫底(奥迪是不是传统还要另当别论),更别说像极了a4的前脸和车尾
1|0|0|doc34519-1|bmw的网络增速很快，奥迪依旧占据老大位置，不过差距在减小，奔驰则各方面垫底！
1|0|0|doc13838-2|鄙视奥迪的销售人员，吊的很（总觉的自己的车不怕卖不出去，不看看现在的市场经济！
1|0|0|doc23568-1|霸气评论各种亮点，这奥迪q7看来是掉价了。。。
1|0|0|doc28447-1|新cr-v、新思域都是这样，在全新雅阁上更加明显，这个屁股真是毫无设计可言
1|0|0|doc48233-1|还有整个通用的suv市场也是短板!
1|0|0|doc5272-1|估计变速箱也有可能，动力总成一直是自主品牌的硬伤从袁总的长处短处论，极有可能是合作开发发动机，奇瑞在02年左右就和奥地利的avl合作开发发动机，可谓奇瑞的长处，而广汽目前可能短板就在发动机上，拭目以待！
1|0|0|doc25119-2|但是重大缺陷就是低速状态下前后顿挫感严重，高速还比较平顺，开到90迈车子也感觉有点飘。
1|0|0|doc46788-1|大众果然是恶霸!
1|0|0|doc12131-2|奥迪q7对我来说是个恶心的车除了开车的人舒服就没有让人舒服的地方！
1|0|0|doc27740-1|是不是内饰还要加上蕾丝以前我做别克，专门为玫琳凯公司定做的粉色凯越，粉色君威呢，尤其粉色君威那个恶心啊，真的用文字描述不出来的
1|0|0|doc18354-1|至于a4l和q5的低配么有后排空调出风口，我认为那纯属一汽奥迪故意恶心消费者的做法，不就是换一套扶手箱吗，去淘宝买原厂件改了，能用2k吗……
1|0|0|doc21542-1|恶心的一汽大众，自己旗下不是有一汽丰田和一汽马自达，有种宣布终止合资啊！
1|0|0|doc47874-1|为毛我一看见奥迪的内饰就恶心……
1|0|0|doc25031-1|看到天籁那恶心的屁股就想踹进去我在#麦当劳(乐清虹桥时代店)#
1|0|0|doc19730-1|我现在特烦丰田车和本田车。
1|0|0|doc26732-2|兴庆内外车行如龟，司机烦躁。
1|0|0|doc27178-1|我们在三方面犯了错误：经销网络、媒体关系和品质问题。
1|0|0|doc18926-2|这样的黑店，完全已经失去了客户的信任，根本就是一家不达标的店，明明轮胎有问题还要销售给客户，非常不道理的行为，建议把店关了算了！
1|0|0|doc18814-1|日本车实在太软了，现代的士几乎没事，丰田两个前轮一个飞了，一个彻底变形，全部废掉。
1|0|0|doc24518-1|这两天开普锐斯上街有风险吧，还是福特好了，就是费点儿油
1|0|0|doc16249-2|看到福特锐界2.0t，才豁然开朗起来，原来什么途观，指南者，汉兰达都是浮云啊...
1|0|0|doc48464-1|发动机偏高转,所以车重给低速加速带来了一些负担
1|0|0|doc47341-1|奥迪小改款q5也是个改得很纠结的东西
1|0|0|doc46119-1|沃尔沃表示处境很尴尬
1|0|0|doc47847-2|奥迪保养成本高~先想好喽!
1|0|0|doc45321-4|奔驰的保养费用老高了…
1|0|0|doc23890-1|谷歌无人驾驶汽车的成本异常之高，每辆甚至超过了30万美元，远远贵于一辆法拉利。
1|0|0|doc46681-2|但q3定价有些高了!
1|0|0|doc48262-1|这个日产楼兰定价脑残,这么高的定价谁买谁脑残
1|0|0|doc46198-3|故障率奇高,维修费用吓死人。
1|0|0|doc48365-2|640i售价高于顶配奔驰cls与奥迪a7,而650i的售价甚至超越了性能表现更加突出的cls63amg!
1|0|0|doc18430-1|在北京这种塞车严重的路况下，大众的蓝驱在经济性上无法和丰田混动相比，维修保养成本高，dsg的可靠性也是个问题。
1|0|0|doc46366-1|其下坡感觉刹车偏软,油耗高;
1|0|0|doc25441-1|这些奔驰奥迪红旗作出租车不仅油耗高维修贵,对于城市的拥堵也有着较高的贡献率.
1|0|0|doc11244-1|木有天理，昨天去熊猫4s店控诉其14.4高油耗，并且痛斥1.3排量自动档跑不过0.8手动档比亚迪时，工作人员居然很淡定地说：'你这款车的确动力小了点，油耗高了点，但你说的一切都是正常的。
1|0|0|doc7026-3|嗯，我举报大众、丰田、本田等国外汽车公司存在与本案中耐克一样的高价简配的双重标准行为
1|0|0|doc27392-1|政府大院里日本车最多，动不动就是高能耗的大型越野车，类似于丰田霸道等，即贵，又高耗油，高排放污染，购买和养护这些日本车，花的可都是人民的币。
1|0|0|doc18641-3|09年12月底买的奥迪车，用了2年多以来出现各种毛病。
1|0|0|doc11304-1|估计又是个根本不省油的混合动力车……
1|0|0|doc19457-4|有些国产车可靠性更差，也没发现生锈的啊，还是宝马质量把控得问题1系还没国产呢，和国产还是进口没关系。
1|0|0|doc9720-2|由于2012年上半年1600万元净利润令人失望，比亚迪（byd）实际状况比预想的更差。
1|0|0|doc45593-1|奔驰c嘛,性价比就更差了,宁可买奥迪
1|0|0|doc12835-1|奥迪的大嘴更大了。
1|0|0|doc23828-1|但是君威整个车头都拱起来了。
1|0|0|doc47966-3|它的车尾怎么都觉得怪怪的,而a6avant作为旅行车来说可能有点过于霸气
1|0|0|doc46060-2|个人观点:外观更喜欢cls的柔美线条,奥迪a7的溜背设计觉得有些怪异;
1|0|0|doc47865-4|朋友昨天刚从燕得宝提了一款320li,裸车35多,说实话真心有点贵,连倒车影像都没有(再高一款才有),无原车导航,加装要1w多,多媒体与手机的歌曲不能同步
1|0|0|doc47226-1|6gc确实配置坑爹啊,我觉得相同配置下比奥迪贵20万左右还差不多搞个不肤浅的让大家看看,别拿四万自主品牌的hud抬头显示说事即可。
1|0|0|doc47922-1|说实话,论驾乘感受,同级别的奔驰比奥迪强多了,可audi在中国贵的离谱,却还有那么多人捧它的臭脚,看来大众公司对中国人的心理研究的可真透!
1|0|0|doc44820-1|如果你喜欢奥迪q系列车型,但又嫌q7贵了,q5大了,那么,q3一定会符合你的要求和口味
1|0|0|doc19685-1|宝马比丰田贵，而且再一次证明了素质普遍低下的愤青伪爱国人士智商也不高。
1|0|0|doc22678-3|现在发现了一个规律，你在路上看到的奔驰一般会比宝马要贵。
1|0|0|doc47536-2|芊:奔驰太贵了,我开不了
1|0|0|doc17242-2|这日本车真tnnd贵。
1|0|0|doc31031-2|今天奥迪a6l去做保养，机油三滤+清洗节气门，花掉3217块，好贵啊！
1|0|0|doc10904-1|一部奔驰一年两次大保养均价一万五大约三次小保养均价三千还有七七八八的零件更换两万好贵好贵德系保养最贵奔驰最低宝马奥迪居中不过小毛病多以及带t（涡轮）的烧机油
1|0|0|doc44932-3|是啊,四个圈的服务一向以贵著称,比宝马还贵呢
1|0|0|doc47160-1|价格还是有点贵。
1|0|0|doc45402-2|据说a1在欧洲因为开价太贵而滞销,远没达到奥迪设定的目标
1|0|0|doc45321-1|维护挺贵的…
1|0|0|doc46433-2|可惜x3确实太贵srx倒是霸气。
1|0|0|doc20282-1|想笑，环保的快来啊真他妈丢人那东风本田是尼玛国产好吗？
1|0|0|doc47825-1|宝马真的过敏!
1|0|0|doc14233-2|日产停系因为产能过剩遮.
1|0|0|doc10538-2|还有后面撅着的尾巴，已经过时了。
1|0|0|doc28775-1|我们家一群丰田拥护者，我就觉得rav4的样子有点过时了姐夫推荐起亚智跑和现代ix35，不建议买本田，那个新款屁股不好看
1|0|0|doc44628-1|相对竞品而言,雅力士和威驰显得过于寒酸。
1|0|0|doc46848-2|哪怕觉得奥迪用色太过于激进,或者捷豹一股子咖喱味,但至少学学宝马,风格稍微年轻一点总不过分吧
1|0|0|doc6129-1|我想买它的平板电脑我觉得而已，我打死不升级这界面好恶心
1|0|0|doc15331-1|福特车好费油好费油，路好堵好堵，想回家可怜的小思乡情节又来了
1|0|0|doc47951-1|好贵,买不起hellokitty涂装粉红色奥迪r8粉
1|0|0|doc8019-1|好脑残的车啊！！
1|0|0|doc46192-4|比赛用的奥迪a1,内室好小,没我家的凯悦hrv大,而且是双门的
1|0|0|doc18017-1|呼吁良心车企唤醒黑心4s店维修才是最大的黑幕：一个朋友的#比亚迪f3#后杠被磕了一个小坑，北京某比亚迪4s店竟然喊出1880元的吉利数字，他们为什么不索性喊出8888元呢？
1|0|0|doc23451-1|上次和一个美国学生一起上路，他坚持要租一辆绿色的起亚，避震很差，一路上就像坐上了按摩椅上下不停。
1|0|0|doc14245-1|电瓶没电了，车子动不了了，长城的服务很差，下次去起亚4s店保养啦。
1|0|0|doc14245-1|红色的很嗲,白色敞篷的也喜欢的~
1|0|0|doc26711-2|比亚迪的车质量肯定有很多问题，前几天去丽水高速上遇到两辆s5都撞得面目全非。
1|0|0|doc46575-1|排量很尴尬,入门1.8t明显觉得不够用,顶级3.5l似乎又大了点老发动机也无亮点,该价位奥迪和宝马一堆好车
1|0|0|doc45596-1|粉色车看出去很楞也很难看,我还是喜欢帅气的!
1|0|0|doc45544-1|奥迪的车据说吃机油很厉害,加上满大街都是a4l俨然是街机,哥哥不想重蹈ip4的覆辙。
1|0|0|doc26861-2|x1方向盘油门都很重,不适合女士开,对极光无语,顿挫感很强,不过底盘不错。。
1|0|0|doc48309-1|奔驰的保养价格很致命啊
1|0|0|doc47918-6|原地打方向盘很重没有奥迪一贯的轻盈!
1|0|0|doc46909-1|我恨奥迪
1|0|0|doc46909-2|我恨沃尔沃
1|0|0|doc48436-1|而且奥迪国内定价不厚道…
1|0|0|doc27178-2|“过去我们片面地追求数量和规模的扩张，忽视品牌质量的提升。
1|0|0|doc23304-2|我作为奥迪车主两年来的体会，多媒体死机统统换了，显示屏死机，倒车雷达经常误报，现在连发动机燃油泵也坏了。
1|0|0|doc31968-1|东风日产经销商库存压力明显减小，但东风本田、广汽本田、一汽丰田和广汽丰田经销商的库存依旧消化缓慢。
1|0|0|doc25415-1|别克新君威2.4的车子开了才两年，行驶了2万1千多公里，今早水温表居然晃动，显示不正常了，之前开十万不到的车子开了十年都没这种问题，别克太垃圾了！
1|0|0|doc46998-4|麻烦帮分析下性能撒~还有后期保养,恍佛奥迪宝马小问题灰常多,奔驰好些?
1|0|0|doc31305-1|我一直觉得电动车是一祸害,不加管理以后这种事情会很多,他们速度快,又不让行人,以为自己是自行车类低估自己的杀伤力。
1|0|0|doc45431-4|我也不喜欢奥迪,奥迪没什么像样的核心技术,全时四驱感觉有点鸡肋,fsi全系烧机油,上到卡宴,a8,下到迈腾,几乎全烧。
1|0|0|doc20597-2|但现在开丰田车上路，却成了极大的安全隐患！
1|0|0|doc26593-2|在那些华丽的宣传后面，日本品牌国产汽车的品质存在极大的隐患。
1|0|0|doc44628-3|小型车是品牌销量的关键,但广汽丰田雅力士和一汽丰田威驰两个产品,都应该算是在中国大陆极其失败的产品
1|0|0|doc46883-2|还说她最讨厌雅阁了,既废油又肉
1|0|0|doc12318-1|奔驰甲醛超标，宝马生锈，奥迪烧机油，于是我们可以知道：只要是量产商品就没有完美品。
1|0|0|doc16042-2|其它方面包括独立悬挂，车门焊接，等都减配严重。
1|0|0|doc48554-3|但还是有缺点,最典型的就是刹车至速度快接近无零的时候,车身无可避免的会出现震动和前倾,高级感顿时减少很多。
1|0|0|doc15224-1|吉利比亚迪长城伪军三贱货！
1|0|0|doc26861-1|维修厂里的维修工艺与威龙丰田正规4s店的维修工艺有较大差距；
1|0|0|doc9797-1|一位同行和我分享，说看完这部车有点失望，尤其是内饰，没有照片上那么有质感，还是有较强的塑料感。
1|0|0|9749-29884|现在认为手机组件业务、可充电电池和新能源业务的下滑，将令比亚迪业绩进一步恶化。
1|0|0|doc48124-1|一汽奥迪展台工作人员举止野蛮,言语蛮横,态度差……
1|0|0|doc27133-1|现实版案例：比亚迪过去的三年遭遇剧烈震动，利润缩水九成，汽车业务萎靡不振，it代工出现严重下滑，全国各地产业园区数百亿元投资无法收回，所有的辉煌瞬间化作梦幻。
1|0|0|doc47694-3|大众所有车系,看不起!
1|0|0|doc47353-2|我这么喜欢的奥迪居然也有看起来这么不舒服的时候……
1|0|0|doc18700-1|雪佛兰车靠不住啊！
1|0|0|doc12954-2|坑爹的东昌福特4s，明明坏了一根皮管，竟然忽悠我换进气歧管总成还好没上当。
1|0|0|doc4450-1|某人车车保养了下7000多，让我心痛不已''7000可以买好多东西''奔驰真他妈的坑爹''同学的奥迪宝马都不用那么贵
1|0|0|doc48179-2|其后座空间比50万级别的glk更好,可见奔驰坑爹的程度。
1|0|0|doc44837-1|广汽丰田真坑爹,车都报废了!
1|0|0|doc22878-1|我x，日产真是坑爹，今天刚刚上市的”启辰“和老骐达几乎一模一样，而且价格最高才8万，让老骐达的车主们情何以堪啊~还好车子卖掉了，再也不买日本车了，干
1|0|0|doc29784-1|长安福特坑爹的很，一车两卖也做。
1|0|0|doc17699-1|坑爹了，我轻轻的一吻丰田车，你丫直接保险杠掉了。
1|0|0|doc24275-1|垃圾的雪佛兰ssss，坑爹的保养价格,还忽悠你随便让你换东西,动辄上千的小保养价格,你妹呀,出了质保还会有谁到ssss保养?
1|0|0|doc48312-1|关键是两款进口车价格差不多,奥迪你个坑爹的品牌,绝对的坑子
1|0|0|doc46869-1|不过那头部空间太坑爹了
1|0|0|doc46709-1|坑爹的自动泊车,让喜欢研究电子设备的我在n种条件下实验了n次,结果是基本你可以忽略这个功能了
1|0|0|doc14323-3|丰田这帮傻逼，你们坑害了你们在地球上最大的客户群，中国客户。
1|0|0|doc48193-1|一汽大众奥迪销售事业部现针对全新奥迪a6l推出了区域性留学生购车优惠活动,跟新a6比,宝马真心抠啊啊啊rt本次活动针对不同型号给予了不同的促销幅度
1|0|0|doc46998-3|苦于它没有x5和ml的大天窗,空间倒是无所谓
1|0|0|doc48278-1|垃圾的服务…
1|0|0|84517-197911|艺术级的工业品赛道试驾体验奥迪新a8l，只是这样的设计与现款奥迪a4l过于雷同,作为普通消费者一眼真的很难分辨它俩,这在无形之中难免拉低了新a8l的贵族感
1|0|0|doc13617-1|中间还来个日产，看着就来火。
1|0|0|doc13857-1|烂别克！
1|0|0|doc47391-1|有个烂雷诺!
1|0|0|doc30680-1|就舒适性帕萨特和迈腾还没资格拿天籁开唰，悬挂座椅柔软日产都是强手，何况还有家居化的理念总，别拿天籁来比，那么烂的车！
1|0|0|doc47181-2|no.6雪佛兰皮卡太浪费创意,导演该杀;
1|0|0|doc29147-1|丰田中的佼佼者卡罗拉，佳美，皇冠，这些年仿佛有点吃老本的感觉！
1|0|0|doc10718-1|车主投诉聆风电池老化过快?
1|0|0|doc29225-3|本田曾引以为豪的工程领先如今已不见踪影：老迈的2.4发动机急加速时显得粗鲁。
1|0|0|doc46127-1|但从外形来说,个人比较喜欢保时捷的车型,奥迪显老气了点,而且开奥迪的不都是外遇多么?
1|0|0|doc10836-2|大形势下，日系冷淡，正常！
1|0|0|24924-76283|再接下来的日子更加离谱汽车启动不了,等发动了就一个劲的抖动...
1|0|0|doc9865-1|马自达全球连亏五年，不能不说是车企里的奇葩，福特曾是马自达的第一大股东！
1|0|0|doc25934-1|大众汽车只是费迪南德?保时捷按照希特勒纳粹政府的要求，“奉命兴建”的一个廉价汽车品牌！！！！！！！！！！！
1|0|0|doc47409-5|低速刹车反映太过灵敏,一个是新车的缘故,还有就是奥迪刹车灵敏快后段迟缓的原因
1|0|0|doc23597-1|福特地盘是不是会留有硬伤呢？
1|0|0|doc46042-1|七的外形流线已向奥迪靠拢,大众三十五年的传统味道渐渐流失,所以我很庆幸拥有了mkvi。
1|0|0|doc22804-4|福特和三菱漏油门。
1|0|0|doc29969-1|奔驰也是这么落后的的确，这个功能有点傻。
1|0|0|doc44864-1|支持奥迪,特喜欢它的内饰太难看,奔驰这个阶段的工业设计,远弱于奥迪,落后于宝马,对“c级”的“入门级”营销定位,也完全输给a4l和3系
1|0|0|doc5008-1|延展性和遮瑕略逊色于迪奥。
1|0|0|doc17510-3|5系宝马和奥迪a6的导航基本做的差不多，输入麻烦极了，麻烦到你看着导航仪不想用的程度。
1|0|0|doc45828-1|奔驰你好慢啊!
1|0|0|doc44381-1|无论是换代车型,还是face-lift,奔驰对市场的反应均比宝马和奥迪慢半拍,业务量下来了,奔驰便掀起价格大战,大范围大幅度地进行降价促销,殊不知这样严重损害了奔驰在汽车界龙头老大的品牌价值。
1|0|0|doc45014-1|这个车子的发动机和cc3.6一样,只是辉腾的重量达2.3吨,所以起步比cc慢多了
1|0|0|doc21224-2|这台新款起亚索兰托2.4，据车主反映起步不算十分给力，最为不满的是高速提速十分吃力，110速超车必须将挡方可，过120时速后提速很慢。
1|0|0|doc46946-1|宝马烧机油的真不少,只不过现在保有量没奥迪那么多,呼声那么大而已
1|0|0|doc23592-1|丰田极力推荐的混合动力车型反而在中国没多少市场。
1|0|0|doc47409-4|昨天试徐总的a5方向偏轻,奥迪方向盘路感指向和bmw没发比
1|0|0|doc24218-1|别克和比亚迪两条视频没给品牌产品加分，反而给海归女下了定义：胸大无脑乱开车就算是为了突出新功能也不能如此脑残吧。
1|0|0|doc33025-2|几年前就没看好奇瑞的冒进政策，现在醒也许还来的及，学学吉利和长城。
1|0|0|doc47425-3|去死吧~tt没那么霸气、还是喜欢a8l!
1|0|0|doc45176-1|三大品牌中,一直对benz没什么好感,期初钟爱aodi的同时,在某些车型上,对bmw还是给予很高的评价
1|0|0|doc24094-1|比亚迪怎么老出这种没水准的事，对用心打造品质这面旗完全是反作用，内部是不是有间隙
1|0|0|doc26378-1|开这种车的人大多没素质。
1|0|0|doc14231-1|看来丰田iq是没戏了，期待大众up！
1|0|0|doc47865-2|但保养周期a4就没优势了5000一保。
1|0|0|doc13946-1|王传福过于沉浸在业绩的光环中，缺乏了后续的创新，使得比亚迪跌入过于依赖单一车型的窘迫局面，导致销量和利润没有支撑点。
1|0|0|doc9372-2|为了衬托韩国同行，小日本也很配合：本田在运动路上越走越远，日产坚持“窄胖高”路线，丰田根本就没有设计。
1|0|0|doc43899-1|大众跟肯德基一样，越来越没有底线了！
1|0|0|doc46064-2|对啊,年底打算入手gti,大众又没有这么好的服务,所以以后生活质素能否提高还要看陈总啊!
1|0|0|doc25285-1|从九月一号高明实施新废气检测以来，无论过万块的雅马哈还是其他任何车都无法过线上牌入户，唯独是五羊-本田全线产品达到免检免过线标准，顿时觉得优越感无限，一定要在这个上面做文章。
1|0|0|doc29813-1|对于gt86~个人认为有点名不正,言不顺,谁都知道这个86是头d神话ae86的延续.
1|0|0|doc16612-2|约70km/h速度入弯侧倾明显,凹凸路面较颠簸.
1|0|0|doc14207-1|蓝驱和奔驰的blueefficiency相似，内容宽泛，概念模糊。
1|0|0|doc11659-1|本来嘛，奥迪就在中国火了一把，在国外就是跟大众、别克一样的档次，而且小毛病又那么多~
1|0|0|doc46082-1|为什么奥迪宝马后面都那幺小
1|0|0|doc22638-1|开过大众，开过福特，开过松花江，两万块钱的车，真是难开。
1|0|0|doc45438-2|我只能说a7比a8难看多了
1|0|0|doc47448-1|mini难看死了,我还是比较喜欢宝马揽胜难看死了,我还是比较喜欢路虎x6难看死了,我还是比较喜欢宝马q5难看死了、我还是比较喜欢奥迪~桑塔纳难看死了,我还是比较喜欢大众~
1|0|0|doc46993-1|回家的路上看到停放着一排宝马越看越觉得难看还是觉得奔驰、奥迪、保时捷看着舒服看着喜欢!
1|0|0|doc22843-2|一看老子就会想起奇瑞qq切难看...
1|0|0|doc33025-1|改到后来车尾还是那么难看！
1|0|0|doc45393-3|给q5配的这轮毂比国产的丐版还难看#奥迪科技日-e创未来都市生活#用#ipad2#拍摄的奥迪体育公园试驾现场停放着的的e-tron。
1|0|0|doc46616-2|难看的运动屁股有木有!
1|0|0|doc16481-1|隔离场的日产，起亚，也一个鸟样__
1|0|0|doc35230-1|参观人数并不多，无论规模还是档次，配不上“国际”的标准，老王卖瓜罢了。
1|0|0|doc48424-1|定价偏高,等降价吧~
1|0|0|doc45809-3|说说缺点,就是刹车偏软,也算是大众的一个通病吧!
1|0|0|doc23772-1|扔了那破奥迪、我法拉利和阿斯顿马丁、随便挑~带我去兜风~！！
1|0|0|doc25987-1|破车比亚迪人为的一个秀。
1|0|0|doc17343-1|就雪佛兰这破车...
1|0|0|doc17535-1|破丰田4s。
1|0|0|doc14686-1|已经对奥迪a4l失望之极，无缘无故刹车油管会破裂的，已经第三次刹车失灵了，还不算在质保范围内~
1|0|0|doc13679-1|然而年上半年，日系车在中国的市场份额已经降至22.3%，位列第二，前景堪忧
1|0|0|doc48140-2|却欠缺舒适!
1|0|0|doc12784-2|强烈鄙视日产车商，今天路上这么拥挤，脑残日产车商东风尼桑启辰…
1|0|0|doc26711-1|车身轻，很容易飘移了。
1|0|0|doc47821-1|几乎很多车都开过了,但我觉得丰田车的特点方向最轻,奥迪车身嘴硬,奔驰宝马最人性化..
1|0|0|doc22467-1|同样在用拉皮，压扁，葫芦娃的方式制造“全新”产品，苹果在今晚受到前所未有的吐槽，那么大众汽车是不是可以去shi了，人苹果好歹拉皮不加价呢，亲！
1|0|0|doc21730-1|去他妈的通用雪佛兰迈锐宝等轿车
1|0|0|doc1190-1|在沃尔沃全线撤退240马力四缸涡轮引擎这件事上，显示出了福特是真的够缺德――福特抢了沃尔沃的安全系统，但是沃尔沃想买福特的发动机都不给了。
1|0|0|doc46460-2|缺点就是内部空间小
1|0|0|doc47542-1|奥迪烧机油不算缺点?
1|0|0|doc46089-1|踩上点了,但缺乏耆侈品的内在!
1|0|0|doc10492-1|丰田的设计师就如此缺乏想象力吗？
1|0|0|doc48212-1|我觉得新的a6l和a8l缺少霸气!
1|0|0|doc21960-1|根本就是设计缺陷,日产很多车后面保险杠都省掉的，再整体省一下其他看不见的架构，正常正常
1|0|0|doc12080-1|出事了才觉得日本车确实不好。
1|0|0|doc4172-1|奇瑞a3，长安悦翔，天津一汽威志存在极大风险，自主品牌让人担忧。
1|0|0|doc45248-3|我觉得奥迪的操控好让人难受...
1|0|0|doc29007-2|神马情况大众旗下的中高端品牌质量确实值得让人深思，烧机油，自燃，dsg变速箱报废等等一系列问题。
1|0|0|doc8818-1|宜昌天时销售雪佛兰销售顾问犯的低级错误让人无语。
1|0|0|doc47602-1|电镀奥迪r8反光厉害容易追尾!!
1|0|0|doc47613-1|提速太肉,涡轮增压也是
1|0|0|doc46601-2|不过,奔驰e在同级中的竞争力就弱多了,中期改款内饰也不会有质的飞跃,5系li和a6l都可以算是小7系和小a8,但是奔驰e只能算是大奔驰c
1|0|0|doc18439-1|神马奔驰宝马奥迪路虎都弱爆了我会告诉你英菲尼迪才是王道好么
1|0|0|doc1979-1|目前消息看来售价各种坑爹反正我驾照还遥遥无期脑残的福特弱智的ecu位置还有薄的不能再薄的后排座椅唉坐等降价哇不行就上途观好了再说明年suv行情啧啧……
1|0|0|doc28536-1|crv在105国道狂追奥迪a7，无疑是一件傻b的事。
1|0|0|doc17338-1|丰田你傻b了吗？？
1|0|0|doc14323-1|如果此条新闻为真，傻逼丰田离关门儿不远了……
1|0|0|doc46353-1|韩国车连韩国人自己都说是山寨车呢
1|0|0|20744-63355|无耻的中国山寨王byd比亚迪速锐！
1|0|0|doc20842-1|我相信你的车技，搞死卡宴你们~卡宴还是很强悍的，撞不过它，我的小4伤痕累累了，要进4s店了~我们左右夹击一定要撞撞他！
1|0|0|doc24569-1|奇瑞冒充雪佛兰，好歹你也上进一点啊…
1|0|0|doc45171-3|对大众神车真的没好感,从余虎的维权17新宝来,从奥迪的烧机油,还有q5的加价销售,都对这个公司相当的失望
1|0|0|doc8953-1|国外奥迪也烧机油啊，一辆tt威猛的超过我们，然后看到老外急忙冲进超市搞了瓶咕咚咕咚一顿猛灌
1|0|0|doc45321-2|奥迪喜欢烧机油…
1|2.02E+13|1|7|好像是从尾厢传出来的.我试了下后面全不放东西.还有千斤顶什么的都拿下来的.备胎也是紧紧的.但就是有点金属碰撞的声音请问下是哪出问题了
1|2.02E+13|4|18|以前听车友说有刹车刺耳的响
1|2.02E+13|4|19|这两天才发现自己的小八也开响了，?开会了就不怎么响了
1|2.02E+13|4|21|惯病
1|2.02E+13|5|22|车载蓝牙状态是?打开，手机蓝牙也是打开?可二者都没有反应?怎么配对啊?
1|2.02E+13|9|28|长安给消费者个说法，怎么连个说法都弄不来吗，不要拿那个口头上的保车一年来说事
1|2.02E+13|9|29|?强烈要求一次性解决乳化，本人每天赚10万，也要一个星期耽误一天的时间去清洗吗，本人要是借来的钱买的车，一星期一次清洗的挑费谁来给
1|2.02E+13|9|30|按我现在这个车的乳化情况一星期必须一次
1|2.02E+13|9|31|?强烈要求给个说法，不给大家团结一起，一起去投诉
1|2.02E+13|11|43|东标就保2年6万，还不如国产的发动机啊
1|2.02E+13|19|92|用哪个转接线真是十分的丑，在网上买的这个小东东，C30专用，一个转接口，一个读卡器，组合起来超小体积看看我车上的实际效果
1|2.02E+13|20|93|我的车是k5'是D版的'现在出现在行驶中'车里的阅读灯'就是顶灯跟后排的灯'突然一起亮起'开关也关不掉'过半分钟就自动熄灭'过一会又这样'这是怎么回事'大家帮我解答下'还反复出现这样
1|2.02E+13|23|101|拔出来的时候那个负极的接口竟然松了
1|2.02E+13|23|102|而且，一上车，公里数和油耗什么的都清零了，吐槽一下
1|2.02E+13|24|104|新车充气已经两次了，是不是不正常啊，好像车子都是个把月都不用充气的啊
1|2.02E+13|25|106|纳闷了，我的小3踢死不叫唤呢
1|2.02E+13|25|107|锁门的情况下，踢那都不想
1|2.02E+13|26|108|准备买车结婚了，看上了cs35，从发现断杆之后就不再关注，现在着急准备买了，又看到了爆乳
1|2.02E+13|30|115|今天高速匀速120油耗7.6左右油耗最少是90/1005个多点但是高速100太慢了开了一会100想通了一直开100瞬时油耗是少但是需要的时间长比如100里路跑100速度需要一个小时但是跑120的速度就不需要一个小时了最后算算费的油还是一样的只是行车电脑上的平均油耗少了其实根本不省油
1|2.02E+13|31|117|222222贰KM里程都没有，不知4S忘了还是有意识的
1|2.02E+13|35|124|大灯放在自动档上，仪表盘的灯有时候是不是也不亮呢，还是应该常亮，搞不清了，呵呵
1|2.02E+13|37|126|我1月10号提的车，到现在惠民补贴都没拿到，一开始讲年前就能拿，后来又说过年后，眼下马上年就过完了，不知道又要拖到什么时候
1|2.02E+13|44|139|车头右下面底盘插破了晕，洗车时才知道
1|2.02E+13|46|151|1、加油时油枪自动跳掉后千万不要再加，尤其是夏天中午，本人有一次曾经导致行车途中汽油从泻气孔中喷洒而出的恐慌景象
1|2.02E+13|46|152|2、轮胎上千万不要用什么清洁或防老化剂，本人由于使用该类产品，导致2W公里时轮胎就出现成片的细小裂纹，4轮全部换掉
1|2.02E+13|49|197|冷车点火困难
1|2.02E+13|52|211|如题，最近刹车时老是刹车片吱吱响，琢磨着改换了，四万七千公里
1|2.02E+13|58|217|目前还看到其他坛友反映的问题有：1、导航黑屏、CD异响2、后轮壳过低会蹭到3、不吹暖风了http://www.xcar.com.cn/bbs/viewthread.php?tid=185707554、驾驶位地板上有震动http://www.xcar.com.cn/bbs/viewthread.php?tid=185641345、跑偏6、一位车主搜集的优缺点慰问下新车主，希望东标能赶快解惑和解决问题啊，我准备5月份下手的
1|2.02E+13|60|222|我听他说机油不要用粘度太大的，不然很耗油，我是新手啥都不懂，求解答
1|2.02E+13|68|258|这个油耗不低啊·····跑了407公里
1|2.02E+13|82|304|三、真心的希望能将垃圾导航换了，不知道能不能换
1|2.02E+13|82|305|四、哦，那个音响和巡航的两个控制把手开始真的不太习惯，到现在才把音响把手用顺，那个巡航把手还没搞明白，也没用顺
1|2.02E+13|82|306|（多功能方向盘这点不如我的另一辆车起亚福瑞迪的好用）?
1|2.02E+13|83|307|本人是广东普宁洪阳的，2011款特别版皇冠提车半个月，十天前在洪阳做了次封釉，师傅技术一般，效果很一般
1|2.02E+13|83|308|(说是封釉，但好像打蜡似的，不用3个钟就搞定了)，可是到现在又是全车的细痕，4天前洗车的，现在又是脏的要命
1|2.02E+13|91|346|7日提的车，到现在行驶3945公里，初五到4S首期保养，揪心事来了，换好机油后车升起来，发现变速箱油底壳螺丝周围漏油，4S工人说螺丝是车出厂没拧紧造成，我真的没想到一个全球数一数二的大公司，犯那么低级而又愚蠢的错误，请大家交流一下怎么维权谢谢
1|2.02E+13|101|366|今天去洗车我跟他说我的刮器刮的时候有声音于是他就在挡风玻璃上涂了一层不知道是什么东西现在刮的时候声音不但没有消除雨刮器刮的时候还弹跳火死了不知道怎么办了
1|2.02E+13|109|416|缺点：100码内噪音还可以接受，从110开始就不行了，嗡嗡嗡嗡嗡的，我车还做过隔音的，都抵挡不了
1|2.02E+13|109|417|??????????空调，新车接回来，因为是三月份，没试，后来天气热了，重庆的天气大家是知道的，那空调真还不给力，后来换了空调滤，情况大为缓解，但是输给了重庆的夏天
1|2.02E+13|109|418|????????起步肉，这点和前面优点提到的速度不矛盾，红绿灯起步的话，另一个车道的车都出去3、4米了我的才开始动
1|2.02E+13|109|420|???????小毛病，我只说发生在我自己车上的，烟灰缸坏了，倒车传感器坏了，淘宝20元买来换掉了，方向盘偏了，但这个估计和我长期跑煤矿烂路给碰到了，维修站说还没偏够一齿，意思是再撞下，就可以调整了
1|2.02E+13|110|430|求助各位论坛车友'我的换档拨片有时减档减不下来，用换档杆可以减下来，但是有时拨片又可以减下来，是不是电脑的原因或者线束的问题
1|2.02E+13|111|432|定速巡航怎么用啊，上高速跑到速度到100用定速巡航，按了定速的按键，仪表上显示定速的标志，匀速开了一小段时间，松了油门怎么速度不能保持还是掉速啊
1|2.02E+13|124|471|我的3008开了1000km，两天前底盘磕到块石头，不知道有没有影响，还有最近发现倒车打方向时有尖锐的哨声，不知道正常否
1|2.02E+13|125|473|发动机噪音吓人，绝对不是胎燥，绝对是从发动机里发出来的，销售mm说就她自己值班不能开太远，一里地就返航了，问了乳化问题，mm说这批都是优化好的，细问后，优化办法就是两次机油，换管子，期待更好的解决办法，85800，裸车加2000，唯一的优惠就是上全险给优惠1000，这车问题没解决就加价我真心接受不了，准车主们怎么解决发动机噪音的问题
1|2.02E+13|131|484|如题，关于电加热后视镜的确需要，下雨天简直无法使用外后视镜，问了几个附近的地方都不熟悉智跑，请熟悉的朋友指点下啊
1|2.02E+13|131|487|1，行驶中，停车挂p后有时不能回位，只能熄火后再打火才能从新挂D档，现在轻易行驶中不敢挂P，只能N带手刹了
1|2.02E+13|131|488|2，另外踩刹车时，感觉挡扳儿这里跟着有响动和联动的感觉，好像两边是连着的，以前没有这种情况
1|2.02E+13|131|489|3，以前因为有时无法启动4S免费换了刹车开关，换了一年了，现在又发现有此问题了，不知道4S还给免费更换吗
1|2.02E+13|131|490|这个开关怎么这么容易坏啊，晕死
1|2.02E+13|136|508|1年8个月助力油管磨坏了，有漏光了，转向死沉，怎么破
1|2.02E+13|139|517|请问我的车才买一个多月现在天冷开的时候二档稍微踩点油门车就嗡的很长一声而且抖得厉害三档也是这样油门和离合踏板也抖是怎么回事
1|2.02E+13|139|518|还有我UBS放音乐每次熄火后在启动时都不能接着上次的听都是又从第一首开始放?求高手帮忙啊
1|2.02E+13|148|528|最近过年有个头疼事，需要虚心求教各位兄弟姐妹，使用不同的钥匙开启汽车可以联动不同的座椅位置吗
1|2.02E+13|148|530|这两天过年家里人多两把钥匙混着开，再加上座椅记忆，有点懵了，有时候一开车后视镜不合适就要调节很痛苦啊
1|2.02E+13|164|568|今天准备开冷气空调，，结果空调旋钮开关按了不好使?灯没有亮好像空调未有启动怎么回事啊
1|2.02E+13|165|569|销售极度不热情，开始还以为对我有意见，后来发现别的销售对别的客户也一样
1|2.02E+13|172|578|在运输中打开车窗玻璃，车内会发出“嗡嗡嗡”的声音，很响呢
1|2.02E+13|172|579|响的人心烦
1|2.02E+13|175|586|今天洗车发现后备箱盖子竟然被砸了个坑小爱铁皮确实不厚哎
1|2.02E+13|176|587|最近车门用遥控打不开了，只能用钥匙拧了，门拆开没有发现拉杆变形，会不会是电机老了没劲了
1|2.02E+13|178|596|停车的时候为什么我车要按两下启动键才能看DVD，大家都是这样吗?
1|2.02E+13|179|597|车速上到100公里左右正副驾驶车窗外就有吱吱的风噪声'坛子里有没有找到原因的，麻烦帮个忙解决一下，这声音真他妈的闹挺，
1|2.02E+13|180|598|之前搞了2个头枕显示器，但是车子的DVD原装的，拆开之后发现没有可以连接的接口啊
1|2.02E+13|183|610|?????下午4点在亲友的一片挽留声中，我们上了车，插钥匙打火，发动机勉强启动，但声音明显感觉不对，急忙关钥匙，下车检查，未发现明显异常，再次上车重试启动，起动机能够正常发动，但发动机就是不着火，如此尝试多次，就是不能正常启动，此时的我虽然身处室外，但头上却渗出了细密的汗珠
1|2.02E+13|189|684|跑了三万公里，后轮内侧磨损厉害，这是什么原因
1|2.02E+13|190|686|行驶993公里，算下来五毛钱一公里，请看油耗，手机拍的真正的新手，停车场倒车刮了一下，认真的说，漆真的很薄其他没有发现什么问题，就是离合太高了，经常熄火，最后来张认证必备，以后有空补交作业
1|2.02E+13|196|697|本来想买新帕，但是优惠力度感觉不够，今天去看了看A4感觉想要的配置有点儿忒贵了，突然翻过味儿又想起来CC了，前几天去北二环汽车城的一汽大众看过，当时只是去看看，没打着买，隐约记得ＣＣ没优惠，研究了一个晚上，打算买１.８Ｔ精英型，哪位朋友知道哪家店优惠力度还可以烦请分享下信息，不胜感激另外如果周边省市的店可以异地提出的话也可以告诉我，谢啦～还有，有谁知道ＣＣ有没有）０利率贷款的活动啊
1|2.02E+13|203|726|后雨刷平了，这是后期4S给换的，（我的小七是3月份的）大家有没有发现小七的天窗挡板不太合适，有是不是会有异响，
1|2.02E+13|203|739|这挡泥板都托坏了，而且泥不好下来
1|2.02E+13|214|783|???????2、这车最大问题就噪声，我极少坐过其他车，但就我个人认为噪声偏大，开了一年，也只开了一万多公里，现在也有点习惯了，刚开始还想做全车隔音，问过了，效果不明显，就不理了，不过现在中控有点共振异响，还没处理，也不知怎搞
1|2.02E+13|214|784|我用了一年，车子只修过一次，是前减振异响，去换了前减振就不响了
1|2.02E+13|222|815|我昨天车在速度较高时车内噪音是有突突的声音，咋回事
1|2.02E+13|234|835|这车伴随我3年多，除了油耗和动力不成正比，也没出过啥问题，哎，真是无罪招贬啊
1|2.02E+13|234|869|中评：1、天窗靠后
1|2.02E+13|234|870|相比不能打开的全景天窗，我更喜欢国产3008能打开的非全景，只是确实有点靠后了，不能和你吹吹风了
1|2.02E+13|234|871|2、车内空间一般
1|2.02E+13|234|872|我179cm83kg，进驾驶室碰了两次头
1|2.02E+13|234|873|其他也就只能说够用
1|2.02E+13|234|874|前排尚可，后排紧凑，空间控就免了吧
1|2.02E+13|234|875|3、导航音响系统
1|2.02E+13|234|883|差评：1、市区油耗貌似有点高，因为瞬时油耗稍微给点油门一般在12个左右，多一点轻松过18，不过瞬时毕竟不能代表平均，还有待观察
1|2.02E+13|234|885|2、悬挂问题：好硬
1|2.02E+13|234|887|3、越野性不佳，路面起伏稍大的时候，特别是前面容易擦底
1|2.02E+13|234|888|4、灯不算亮，特别是倒车灯，倒车视频晚上看不清，而且标线不能随车变动
1|2.02E+13|235|890|前几天洗完车发现这个大灯玻璃上不知道是什么东东，玻璃外面使劲擦能够擦掉像胶水一样的脏东西
1|2.02E+13|239|894|总体来看新风云2装配工艺大幅提升，质量稳定可靠，外形内饰改进很漂亮，可是缺少发动机电子防盗，这是最为担心的，前阵子看电视播报棒子一款车好像是瑞纳因为没有这个功能大面积被盗
1|2.02E+13|254|969|?是不是指冷车刚启动的时候?导航DVD一体机发出的声音?结果过个几分钟就消失了
1|2.02E+13|255|972|今年我们这边雨雪特别的多，我发现车子窗户总爱挂霜，暖风得开到4档还吹不干净，怎么办啊
1|2.02E+13|263|1005|挂倒挡，不踩油门，倒车速度很快，怎么回事
1|2.02E+13|263|1007|就是倒车油门大
1|2.02E+13|273|1059|我的手机跟车载连接了，但是显示电话本无信息，我电话号码都是存储在手机卡里的，我便把卡里的号码都复制到手机里一份，但是还是没有电话本，来电话都不知道是谁，怎么才能读取手机的电话本啊
1|2.02E+13|285|1110|老风2,1年多了，春节开了个长途忽然发现主驾仪表盘位置有异响，就像是螺丝松了的感觉，高速上声音小,只要路有点烂抖动大就感觉很明显，不知道是哪里的问题
1|2.02E+13|290|1134|坛子里说的那些异响什么的没发现；动力方面不是性格太急的人还是不错的；舒适方面也让人满意；小毛病也有：一个是350KW时倒车开关坏了，倒车灯不亮，倒车雷达不报警（离最近的SSSS还有100KW，懒的去，等首保时处理），右前门及左后门有两次出现开不开门，人下不了车，但动动中控就好了，估计问题也不大，首保一起处理
1|2.02E+13|305|1195|今天从亲戚家串门回来，在高速跑到120-130之间车内有明显的糊吧拉鸡的味道，还有一点臭味，当时高速，一直五档，没开空调和暖风，没踩刹车和离合，速度降下来后开窗户放了一会空气，味道消失，后来超车又有上诉问题，请问老手司机，这是什么毛病
1|2.02E+13|310|1253|状况如下：行驶中有股焦味，停车后挂P档后，无法拔出钥匙，也无法再挂档，收音机无法开机，保险丝盒有一个汽车电器10A的保险丝断开
1|2.02E+13|314|1264|本打算入手一辆50，第一眼就被它的大气吸引，我们这里警用车多是50，所以他们告诉我说50转弯死角比较大，车身重
1|2.02E+13|314|1265|油耗高，但是安全没得说，绝对棒，最主要是他们说减震不好，如果路况稍微差点，车速到50感觉振的厉害
1|2.02E+13|326|1328|我的感觉还可以只是右前门的玻璃从导轨里面跳出来了，不过我自己动手把他放回导轨里面了，但是拆开门板发现三的那层塑料膜和黑心棉真的不厚道
1|2.02E+13|327|1352|音响简陋，木有单拿塑料的刹车和油门，失望...脚垫是送的，销售说要2000
1|2.02E+13|346|1507|就是高速发飘，底盘不扎实，皮薄，内饰不环保
1|2.02E+13|346|1509|但媳妇就是不喜欢，说空间太小内饰太陈旧，不适合家用，想想也是不惑之年还是不太适合此车
1|2.02E+13|357|1593|也知道小三的缺点：“爆乳门”、“拉杆门”、“**门”等等
1|2.02E+13|365|1633|悲催了，今天上高速到100以上方向盘抖得厉害，有知道怎么会是的吗
1|2.02E+13|366|1636|左方向盘打死回位咔响，安全带出带器共振异响怎么解决
1|2.02E+13|370|1642|我的很小只有调最大才有风，是空调有问题还是这车就这样，还有就是请问有没有同时吹脚和面部的模式
1|2.02E+13|377|1690|?????我接手这台车2.5的皇冠也有3年了，刚开始感觉开起来怕太成熟了，后来就慢慢习惯了，这车基本不出啥问题，动力基本够用，就是开起来软绵绵的，音响不咋的
1|2.02E+13|378|1698|都说B50减震不好
1|2.02E+13|382|1712|一开始以为是车冷的原因，可是当水温90°时有时还是会出现怠速上升的现象
1|2.02E+13|382|1713|特别是等红灯时，会出现怠速上下不稳
1|2.02E+13|397|1796|?????但是，上次搞完胎压后，上高速，100就开始严重抖动，一直感觉动平衡没搞好，无奈那家轮胎店坚持没问题是我胎压打太高了
1|2.02E+13|397|1797|今天果断换了个地方，找了个老师傅给检查，结果一检查，坑爹呀，四个轮子的动平衡都有问题，有的甚至偏差非常多
1|2.02E+13|401|1814|年前，在4S更换的三通，机油，行驶600公里，怠速声音却变得越来越大
1|2.02E+13|405|1823|缺点也明显，比如发动机与变速箱老啊，轮胎固定10万级别的车有4个螺丝的吗
1|2.02E+13|411|1844|今天开2T的CC，车速在30KM左右，轻加油的时候，感觉噪音奇大无比，一看转速表，发现到了4000多，但是速度表依然在30KM左右，持续时间大约在2秒左右，转速恢复到正常，今天出现这个情况有2次，其他时候，都正常，郁闷，不知道是什么原因
1|2.02E+13|422|1921|2.空间大3.推背感还是不错的4.早上起来启动的那一瞬间嗡嗡叫哈哈5.选着普拉多不后悔目前就这么多吧缺点就是，费油?
1|2.02E+13|422|1922|洗车停车比较麻烦
1|2.02E+13|426|1947|哈，一开始对小姨子的噪音比较在意，每次上车多是音响声大过噪声
1|2.02E+13|430|1954|几乎所有型号的轿车车主都有反映首保后噪音增大的，汽车之家的各种车型论坛里面问这种问题的不少，而且几乎没有答案
1|2.02E+13|445|2011|我的?小兔??12年车??噪音很大???特别是?风燥?咋解决啊?
1|2.02E+13|450|2022|尾翼也是网上买的，就是金刚太小，这个尾翼显的超大，
1|2.02E+13|464|2077|???????2、新帕萨特胎噪太大，完全不像20万级别的车，跟我的奇瑞A3有一拼，升级座驾的目的之一就是为了出行更舒适，所以果断PASS
1|2.02E+13|464|2078|???????3、标致508，配置挺高，内饰我特喜欢那个叫什么drive系统的中控旋钮，至于空间、动力和舒适就一般般了
1|2.02E+13|464|2079|后来一想不能为了几个按钮就决定花这20万吧，后来听说2.3的发动机挺费油，就PASS掉了
1|2.02E+13|464|2080|???????4、蒙迪欧致胜2.0T，动力强劲，噪音抑制水平不错，里边也宽大舒适，可就是那外形和内饰让我实在不喜，再一个就是车身过长，我住的院子小车多，长车身十分不便，所以还是忍痛割爱了
1|2.02E+13|464|2082|???????6、新凯美瑞，试驾的是2.0S的，感觉也够用了，可是那4速变速器太蛋疼
1|2.02E+13|464|2084|???????7、RAV4，坐在里边坐姿太低，根本没有开SUV的感觉，另外变速器让我感觉到不适，换挡顿挫很明显，果断PASS
1|2.02E+13|464|2085|???????8、新锐志，优惠幅度也挺大，内饰也喜欢，有点商务轿车的氛围，可是一试驾，路上的石子泥块打到底盘和车身上啪啪的，感觉到车皮很薄，噪音很大，另外可能是因为开不惯后驱车的原因，感觉转向不像运动车那么精准灵敏，再加上是日系车，于是也PASS了
1|2.02E+13|464|2086|???????9、马6虽然优惠幅度一度到了5万之多，可实在是因为车型太老，又是日系车，安全配置也过低，实在提不起兴趣来
1|2.02E+13|464|2087|???????10、迈瑞宝后排空间太狭窄，不像一辆中级车
1|2.02E+13|464|2088|???????11、新君威同样是因为后排空间狭窄被pass了
1|2.02E+13|464|2091|???????说说车子本身吧，到目前为止，我唯一不满意的就是内饰的硬塑料件太多，容易有划痕
1|2.02E+13|464|2113|侧后档贴了800块钱黑膜，小店贴的，老板说是杜邦的，也不知真假，白天清晰度还行，晚上倒车很麻烦，还有开车时，后边车即使开远光，也根本不炫目，开近光的车超我车时，我的眼睛余光几乎都注意不到，尤其是轿车，本身就比较低，再加上膜黑，得比较认真地观察后视镜
1|2.02E+13|464|2154|前车门储物格空间??????????话外：虽然我对奇瑞A3有太多的不满意,例如小毛病多，异响多，油耗高，动力弱，空间小等等，但它毕竟是圆了我的有车梦，现在时过境迁，新车如云，辞旧迎新也是人之常情
1|2.02E+13|513|2285|??????????????????????????????最近发现车的毛病越来越多，早晨起来热车的时候，车厢里听着稀里哗啦的震动声，烦的要死
1|2.02E+13|513|2289|还有后门玻璃镶边的边框翘起来很大缝隙，去SSSS的时候，修车的师傅给啪啪的砸了几拳，倒是缝隙小了，这几天又翘起来了
1|2.02E+13|520|2315|昨晚打开小r暖气，声音太大了
1|2.02E+13|522|2318|??刚友门，我的小刚右前门喇叭声音放大（低重音）门板也跟着震的（兹兹）响，原来没事啊，什么情况啊
1|2.02E+13|541|2380|而且油门也不好?踩，比较费劲，轻一点没反应，重一点转速又很高，轰鸣声很大
1|2.02E+13|556|2449|JEEP指南者和自由客，个人比较喜欢自由客的外形，做工可以接受，但优惠不多，但家人不喜欢其粗旷的套路，加上个人不喜欢CVT变速箱（听说换代要换变速箱，欣慰啊）只能作罢...13款牧马人外形很喜欢，越野能力强，最喜欢短轴距版的，但是后排空间有点紧凑了，应适合家里2或3辆车的人，加上自己不是越野发烧友，平时也就是城里开开，排量大了点，再看看JEEP国外的售价...肉痛啊...万万税，作罢...小三买的很偶然，虽然是目前奥迪SUV家族里最小的SUV，就动力来讲，EA8882.0T涡轮增压发动机，它的最大功率为155kW（211马力）/5000-6000rpm，扭矩为300N·m/1800-4900rpm，匹配7速Stronic双离合变速箱，百公里加速与国产GTI相差无几，所以动力城里足够用了
1|2.02E+13|559|2475|风燥确实有点大，不过咱有丹拿呢，所以噪音不叫事，油耗没有想象中的的低，因为我短途比较多，很少上高速，RNS315除了导航其他的都很棒，就是页面有点不上档次，油门踏板很重，昨天开了老迈腾他的居然很轻，经常开奥迪，奥迪的也很重，异响我到没觉得可能不太关心这些，因为家里都是德国车，都是大众集团的，所以可能习惯了，车这东西买了就喜欢一切，他就是个自行车，代步工具，所以我看的很开，心态的原因吧，现在我每天都在幻想我后倒车雷达的漆都掉了会好看吗
1|2.02E+13|559|2476|一个月的车开始有掉漆的迹象了
1|2.02E+13|577|2576|ABC04年手动挡威驰，6万公里，摸方向盘感觉怠速抖动，高速100以上也抖，急加速嗡嗡响
1|2.02E+13|579|2592|行驶了500多公里，城市路面慢行时左前轮异响，好像是摩擦的声音，吱吱的响声，开快了就感觉不到了，可能是被风燥和路噪给掩盖了
1|2.02E+13|585|2608|刚才还好好的，就吃了个早饭出来打着车，发动机故障灯和防侧滑同时亮起，挂挡咔咔的响，只能怠速，怎么加油门也没反应，急死了
1|2.02E+13|587|2610|前天国道上，在超前面一辆车时，为求保险，四档退三档，猛加油很快就超过去了，超过去后发动机转速已经很高了，明显听到轰鸣声，于是回到自己车道后，升回四档，在操作过程中，短暂的经过空挡位，半秒到一秒左右的时间吧，发动机发出极其刺耳的嘶吼声，我的个乖乖，是不是因为转速太高在空档上，发动机一下子失去负载就瞬间爆发了
1|2.02E+13|596|2639|排档异响，偶热打不着，小三怎么了
1|2.02E+13|603|2652|最近突然发现车在直行时方向盘好像不正了（以方向盘上的logo做参照），稍微有一点向右打的意思，也不是很明显，请教一下有懂的同学，这是什么情况
1|2.02E+13|618|2783|6.噪音上俩车差不多，但和悦减震不好，过个坑感觉和没弹簧似的
1|2.02E+13|622|2804|如题，新车4000公里，冷车抖，怠速抖，起步顿挫，低速抖，中速抖，高速抖，总之一句话，各种抖，准备等初7去大众找他们干仗了，结果今天需要跑高速，就顺手去售后换了桶全合成，结果各种抖动消失了，与大家分享
1|2.02E+13|625|2813|可最近媳妇发现油耗明显增加，提速也慢，就在年前我出差回来后，自己检查发动机，发现了下面这可悲又愤怒的一幕
1|2.02E+13|664|2954|跑110-120方向抖动什么原因，求解
1|2.02E+13|676|3024|4.玻璃晃动，此条确实存在
1|2.02E+13|676|3038|4.试驾中，车辆噪音较大
1|2.02E+13|693|3122|今天天气热想用下空调，结果又不行了，老样子，风量旋钮前面调档都没反应没风出来，最大档才有风出来，呼呼响
1|2.02E+13|738|3318|底盘和发动机的隔音不是很满意，之前发帖说过35的底盘是没有喷防锈涂层的，跑砂石路面，石子打在底盘和轮廓内有很明显的噪音，当然，胎噪就更不用说了，很大
1|2.02E+13|738|3319|转速超过2500转以上，车内能明显感觉到发动机的怒吼，使得我这次跑高速，车内的家人都知道我何时加速了
1|2.02E+13|738|3321|这次跑高速还发现一个问题，时速达到100迈时，踩油门加速，会有明显的抖动，也就是术语说的共振，能明显感觉到高档低速那种抖动的，但是油门再稍微深踩一点，变速箱会很迅速的降档，伴随而来的就是发动机转速提高，噪音
1|2.02E+13|738|3322|车刚买来的时候，后备箱处就有传说中的异响，后在4S店处理得以解决
1|2.02E+13|746|3360|怎么感觉发动机声音也有点不正常了
1|2.02E+13|753|3383|打着火以后发动机嗒嗒音挺响
1|2.02E+13|756|3402|说句心里话，开180确实还是挺稳定的，不过风噪和路噪还是有点大的
1|2.02E+13|779|3481|先上传张钥匙图片,以免被人认为是黑..就是车开起来的时候有种嗒嗒嗒非常有规律的声音,应该不是异响的那种声音,就是类似于拖拉机的那种,只是声音要小很多,这种声音在加速后抬起油门踏板的时候挺明显的,但并不影响驾驶,这是第一次买车,所以很多东西都不懂,请大家指点.很担心自己的车有没有问题.*谢谢各位解答..去4s店看过了,人说没事儿...好吧...那就先这么开着吧
1|2.02E+13|784|3493|我于今年1月购买X118i豪华型（进口）现行驶二千多公里，现在有二个异响问题：1、车辆在起步行驶轮胎动的一瞬间或者是倒档挂上松刹车的一瞬间，感觉刹车那里总要发出“塔”的一声，去4S店看了总没找到问题根源；2、车辆在高速行驶中当速度达到98迈左右，就开始有一个嗡嗡嗡的声音，车速一降下就没有了，再上又有，反复如此，十分扰人，自我安慰磨合跑完后就全部消失吧
1|2.02E+13|790|3510|娜娜首保后噪音变大，油耗增加，爆震，大家都有么
1|2.02E+13|833|3637|GX7比较常见的问题：刹车盘异响，我的车也有，好像和天气有关，天冷时吱吱声，不过这对整车的性能，驾乘者的安全几乎没有危害吧，雷达异响，我的左前雷达偶尔有，4S电话说可以免费更换雷达模块
1|2.02E+13|845|3676|今天去一修理厂处理发动机异响，修车师傅说这车动力很好，我顺便回了一句一点都不好没劲，这车发动机是可以但是变速箱垃圾，师傅接着说捷达的变速箱可以，我纳闷问到这车是捷达变速箱
1|2.02E+13|868|3788|今天高速路上发现，前面一台朗逸时速120时，发动机护板在车底剧烈摇摆，我估计是螺栓掉了或脱口了
1|2.02E+13|907|3918|噪音什么的也还能接受，就后备箱漏水以解决，是按导航的时候补小心造成的
1|2.02E+13|914|3951|整体感觉都很好，不知道是我以前没注意，还是怎么的，自从换了轮毂后，胎躁比较大，可能和路也有关系吧
1|2.02E+13|941|4104|高速还是感觉声音有点大了，车车一上80就感觉声音起来了，请问是什么原因呢
1|2.02E+13|945|4122|今天开车没开音乐，外面下雨，突然发现雨刷每动一下就会有嘀嗒一下，感觉是开关声一样，就在副驾驶位置这响，声音不算大，但能清楚的听到，不知道有没有人发现…
1|2.02E+13|946|4123|1、USB优盘听歌，歌曲中文名无法显示，或乱码，英文正常，何解啊2、进口3008的喇叭是JBL的么
1|2.02E+13|946|4124|3、iphone蓝牙连接车后手机电话本无法显示中文名字，何解啊
1|2.02E+13|964|4213|3、储物，副驾驶的前排储物箱确实很鸡肋，令人无语
1|2.02E+13|974|4256|我的热车的时候，每次发动机都像拖拉机似的突—
1|2.02E+13|974|4268|过完年再说，也不知道怎么回事，下午开了一会故障灯灭了，到现在了都没亮过，现在早上热车还是突突突得响
1|2.02E+13|977|4279|打方向盘时总是有吱吱的响声
1|2.02E+13|999|4401|不过，这倒也不单单是BYD独有的，目前广受好评的美国特斯拉的纯电动车，一样也存在超重的问题
1|2.02E+13|0|0|为啥不开记录仪电子狗搜星快，跟电压有关系
1|2.02E+13|2|3|准备给小三换轮毂了，进口舒适的轮毂太普通的，搞得跟凯美瑞一样，完全不符合三爷的风格
1|2.02E+13|9|19|有朋友推荐我买个微面，我觉得其实微面是挺实惠的，但是老感觉微面有点太不上档次了
1|2.02E+13|13|41|一、撞击声一种较重的金属铁器撞击的响声，很可能是引擎固定架因长时间严重磨损引起
1|2.02E+13|13|42|当引擎速度变化时就会发生撞击，但也有可能是汽车的前后悬架出现损坏，或者是传动液过少引起的
1|2.02E+13|13|43|二、轻敲声声音类似重敲声，但声响要小，这种声音出现时，车主要想一下是否使用了劣质汽油，如果使用低质汽油还可能出现爆鸣声响
1|2.02E+13|13|44|三、滴答声可能是驱动轴的方向节坏了，也可能是轮胎里的小石块敲打轮胎或风扇叶片弯曲松动造成的
1|2.02E+13|13|45|四、嘶嘶声像气球漏气，大多是空调或冷却系统有毛病，如果是冷却系统出现故障，在车的底部可以看到液体
1|2.02E+13|13|47|五、重敲声像沉闷的敲门声，这种情况大多是发动机内部原因，很可能是因为车辆老化所致，轴承或发动机阀门损害也可引起
1|2.02E+13|13|48|六、啸鸣声大多出现在汽车转弯时，可能是风扇传动带松动或已磨损，有时轮胎气量不足，也出现这种声音
1|2.02E+13|13|49|七、嗡叫声这种声音像蜜蜂发出的声音，它的出现很可能是某零部件松动，发动机底部的塑胶或金属部件及空调或压缩机的固定支架松动最为常见
1|2.02E+13|13|50|八、轰鸣声从车上发出带有一种“呜汪……”的叫声，很可能是轮子里、压缩机里或水泵里的滚珠轴承坏了，也很可能是空调或压缩机出现了故障
1|2.02E+13|13|51|九、变调声主要是电机老化发出的不协调声音
1|2.02E+13|13|52|十、尖叫声很刺耳，通常是刹车有问题
1|2.02E+13|15|70|车内味道非常大，发动机噪音非常大
1|2.02E+13|15|71|味道时间长了可能散去，但是机器噪音的确大大超出我的想象，感觉有点难以理解
1|2.02E+13|18|93|我是13款T5舒适，总觉得音响效果不满意，大家有没有改了的，介绍介绍，谢谢了
1|2.02E+13|23|99|服务超差
1|2.02E+13|35|123|后排有点倾斜度
1|2.02E+13|36|128|新车提回来，发现音响效果大失所望……虽然不是什么发烧友，但还是接受不了这样的效果
1|2.02E+13|36|132|先来套整体配件图：?接下来就是拆得我肉痛的时刻：原车喇叭真的是纸糊的……所谓隔音也就是一张薄膜……坑爹……这样的配置怎么可能有好的效果……简直是不可能………………看来换是正确的…………也是必须的
1|2.02E+13|38|142|今天开着开着车突然熄火?溜到路边再打火没反应?等了几分钟?又好了结果再开出不到1000米又熄火了?死活打不着火，转动钥匙一点响声都没有，仪表盘灯也不亮???叫来两个兄弟来推到路边几十米吧??停下一打?结果又着了?将就开回来了?是什么情况
1|2.02E+13|46|158|你们的车里面空调压缩机的声音大吗?请关好门窗和音响,打开空调,调到一格风量.......我换了三次压缩机了,一直没有能解决这个问题,其中一个是今年的最新款.但是不安静性一直存在,虽不是太大,但是与新上手时差别还是蛮大的.如果行驶中不开音乐的话这响声还真有点折磨人啊.求对比指教,因马上就两年过保修了....
1|2.02E+13|47|166|只是烟灰缸位置有些偏后，对于抽烟的哥们来说有些别扭
1|2.02E+13|47|168|脚垫建议别买黑色的，特别的不耐脏
1|2.02E+13|47|190|雾灯建议别换氙气灯，因为穿透力不好
1|2.02E+13|57|210|好吧，今天高高兴兴的把车提回来了，但是晚上弄车的时候，发现右后门不使大劲关门的话，关不严，有条缝
1|2.02E+13|60|218|由于对韩国车的许多偷工减料的顾虑，特意关注了底盘，并想做底盘装甲
1|2.02E+13|60|220|发现1、当车被升降机升起来时，我发现底盘几乎没有以前所注意到的装甲喷涂，只有两块很小区域有，毕竟接触汽车有10年了，知道这样如果行车路况不好、雨水多的地方、冬季下雪撒融雪剂的路面等等，就有可能出现生锈情况
1|2.02E+13|60|222|发现2、在原车底盘中间有一条排气管通过的凹槽通道，但我的35（2012款）排气管并不是从这里通过，而是从凹槽右侧通过，这无形中降低了排气管与地面的距离，刮碰的机会自然增多
1|2.02E+13|61|234|谁知道正常听了5首以后，后面的歌就放不了了
1|2.02E+13|61|235|我就转到原来听得起的来听谁知道也听不起
1|2.02E+13|61|237|不是全部听不起就是听了几首以后就一直跳歌一直听不起
1|2.02E+13|61|239|这次更麻烦只读起了一次而且还听不起
1|2.02E+13|61|240|后来直接显示无法连接和无文件可读
1|2.02E+13|67|257|买的这种的鲨鱼鳍之前套上试的信号不怎么好自动搜台基本上搜不到?自己手旋能搜到几个以前的天仙长按一下?能搜到好多台?现在都是旋好几个台然后设置123456听长按就搜不到今天自己又加了一圈铜丝在里面??信号还是差不多谁有什么办法能让信号好一点的上图买的这种的
1|2.02E+13|71|277|不拆不知道，一拆吓一跳，我艹，新车发现一排锈点，起亚真的是不负责啊，伤成这样也可以合格出厂
1|2.02E+13|73|281|其他没发现什么，就是那个转向助力的滋滋滋滋的声音挺大
1|2.02E+13|76|286|1、1、2档难挂难摘，倒档难挂
1|2.02E+13|76|287|2、车轮螺丝容易扭断
1|2.02E+13|76|288|3、停车后排气管滴滴响
1|2.02E+13|76|289|4、车时间长了，发动机噪声变大
1|2.02E+13|76|290|5、空调制冷效果不好
1|2.02E+13|76|291|6、方向左转打死有异响
1|2.02E+13|76|292|7、中控台异响
1|2.02E+13|76|293|8、过不平路时候，后减震咚咚响
1|2.02E+13|76|294|9、部分前车窗雨后不能升降
1|2.02E+13|76|295|10、驾驶座椅高低不舒适
1|2.02E+13|76|296|11、方向盘挡看转速表等视线
1|2.02E+13|76|297|12、佳通轮胎质量差
1|2.02E+13|76|298|13、变速器有异响
1|2.02E+13|76|299|14、加油门有异响
1|2.02E+13|76|300|15、发动机不能启动，需要二次打火
1|2.02E+13|76|301|16、发动机二次打火
1|2.02E+13|76|302|17、偶尔失去动力
1|2.02E+13|76|303|18、加速转速加不上去
1|2.02E+13|80|317|技术不及时跟进严重影响法系在中国销量，因为国人表面谦虚内心却想高调，同样花钱，你别管新技术对我有啥用处，但是得对得起我出的价钱，不能让别人笑话我老土
1|2.02E+13|89|363|我的车开了八千五百个公里了，发现右前轮有咕咚咕咚袋响声，有车主知道是怎么回事嘛/?
1|2.02E+13|92|367|为何屁股后面银色装饰条生锈，叫朋友笑话我，你们的有没有这种状况
1|2.02E+13|101|784|一启动车子，发动机气门脚“哒哒哒”的响
1|2.02E+13|102|791|缺点有以下几点1、方向盘太低看不见时速表（已调到最高）
1|2.02E+13|102|792|２、雨雪天气看不见反光镜两边窗户全是雾气
1|2.02E+13|102|793|３、座位太软坐着不舒服，太累
1|2.02E+13|102|794|后背设计不好靠不实
1|2.02E+13|102|795|４、汽车喇叭太难听
1|2.02E+13|102|796|５、离合太硬踩着太费劲，油门也太硬费劲
1|2.02E+13|102|797|６、方向盘冬季开始时搬不动，搬一圈后就好了
1|2.02E+13|102|798|７、手刹刹不死车
1|2.02E+13|111|817|在空档怠速的时候，离合踏板会有震动和发动机一个频率
1|2.02E+13|112|820|新车一万公里捷达前卫，最近出现发动后怠速不稳，之前冬天都没有出现过，昨天发动后前舱出现了蹦蹦两声响，感觉哪松动了，或折断了一样的声音，之后正常!怎么回事呢
1|2.02E+13|138|1459|唯一没解决的问题就是：后排座椅放倒，右边的双人靠背，打开就关不上
1|2.02E+13|141|1472|最近我的小八出了个问题，冷车启动时，声音正常，扭动钥匙后即可顺利发动车子，但如果车子行驶后停放几个小时，（反正车子引擎还是热的）再发动车子就会出现发动机打火声音有气无力，象要断气似的，必须把钥匙在启动位置停几秒才能发动车子，而且有“哒哒
1|2.02E+13|152|1681|换了白色的阅读灯烧了两个，换了大功率的就不会暗了怎么回事
1|2.02E+13|152|1682|还有雨刮器会跳怎么办
1|2.02E+13|153|1696|最后吐槽一下1提车的时候，销售随意扶了下主驾驶窗户上的皮条，结果起固定作用的一个零件就断了下来，尴尬
1|2.02E+13|153|1697|??????????????????????2提车的时候光顾瞎高兴了，连大灯都忘了检查了，结果晚上出去发现左前大灯不亮，尴尬
1|2.02E+13|153|1705|?4.12刚回来今天只有一点可以报告的油耗降到14----------------------------------------------------------------------------------------4.15日更新小博开到现在最不满意的地方就是中央扶手这块地方1对于抽烟的男士烟灰缸的位置非常不合理扶手挡在那里很不方便2水杯架很靠后喝水也很不方便扶手碍事的很3扶手挺削薄在某宝上看中央扶手这里也有整套可以改的不知道小博可不可以
1|2.02E+13|168|1768|我会跟踪油耗?给我的感觉这车?第一，噪音大第二，倒挡费劲?目前还未发现他的美丽之处·只是价钱我感觉我能接受·全下来现在花掉银子75000??????????????????????????沈阳????阿土
1|2.02E+13|200|1910|按了开锁其他三个门一按锁头立马可以弹起来，左后门没反应
1|2.02E+13|200|1911|从里面可以打开，从外面打不开
1|2.02E+13|200|1912|另外车子后门胶条异响，也有问题提车的相片
1|2.02E+13|201|1913|我2.0版的，跑了三千了，前几次上高速没开快没感觉出来，这次定速120KM方向盘，抖要用力才能握住，感觉新车不应该出现这样的问题才三千左右，并且其他网友提出的哨声也开始出现
1|2.02E+13|201|1914|特别是转弯的时时候明显，再就是一个很郁闷的问题，中间的哪个空调出风口打不开了，最关键的是后雨涮不出水的问题到现在没解决，这种服务有……
1|2.02E+13|211|1947|最近在车上特别是跑高架的时候，驾驶位总是听到左后方传来啪啪啪啪的声音，速度越快频率也越快，路过专修店升起来一看，中枪了
1|2.02E+13|236|2014|2.0T车型异味严重，2个月未减
1|2.02E+13|236|2016|冷车启动冒黑烟
1|2.02E+13|242|2036|新车用了几天，驾驶前拉安全带，发现每次都不容易拉出来，总是卡那么一下，细细检查，发现原来是个安全带口和座椅之间的位置太近，导致每次都卡一下，车侧有花痕啊
1|2.02E+13|243|2055|这几天下雨，出现新的问题是行车有像轴承缺油的声音，昂昂声
1|2.02E+13|243|2056|一点刹车就是刺耳尖叫，都不好意思在人前刹车
1|2.02E+13|287|2207|最近怎么感觉2档很难挂什么原因
1|2.02E+13|287|2208|有出现的吗、才跑2400、在上海市区油耗很高十个以上
1|2.02E+13|293|2286|主要在市区开开，觉得油耗稍微大了点，其它比较满意
1|2.02E+13|323|2425|?倒车影像晚上就报废了，流氓倒车灯到底好不好用，耐用吗影响安全吗
1|2.02E+13|337|2470|调整座椅前后位置的时候，腿部空间合适了，方向盘就感觉太远了；方向盘的距离合适了，腿部就太挤了
1|2.02E+13|352|2496|IX35打火后底盘有啪啪声，开起来也有，关上窗户听不到了了就，听人说是消音器热胀冷缩，大家的有吗
1|2.02E+13|375|2587|换了不锈钢的玲裆12大米（特价）；个人感觉不错，比以前有了质的飞跃,当然比不了那些顶级发烧友的，对我言已经足够了.好了再和大家来分享一下对凤凰的驾驶感受吧：3、提速提速慢、起步肉，一直是针对大28车的敏感话题
1|2.02E+13|404|2819|揭开防滑垫，发现有部分掉漆，有什么好的补救措施
1|2.02E+13|417|2846|前减换了KYB，四轮定位搞了三次车子还是跑偏，方向盘不正，打算去4S再弄，钱花不少了，但是花钱倒还好，就是不知道能不能搞好，弄不好又白花钱，浪费时间，郁闷的很，拆下的前减有一个坏了，不反弹，弹簧也换了加高的，换下的应该还好，不知道有什么用，车子升高的时候发现三个轮毂都变形了，没变形的是刚换的，右前变形太严重，把备胎换上了，备胎还是全新的，比其他轮胎都大，因为从没用过，现在车子来着很别扭，方向硬，不正，轮子跑偏，过烂路吱吱响，好像弹簧的声音，不知道哪来的，玻璃不敢半开，响起来跟面包车一样，发动机仓吱吱响，不敢乱找人，怕越修越坏，很郁闷啊，发发牢骚上来，最近钱没少花，车越来越难开了，不太想开了
1|2.02E+13|420|2853|怠速时方向助力沉，一梗一梗的，上去两千转就好，助力油也不少，方向打不动时能听见油泵响，求助是不是助力泵坏了
1|2.02E+13|440|2955|之前去四儿子看的时候预约在那里是1.5MT风尚和1.0T尊贵的白色哪个先到我就要哪个，结果人家说时间不能确定，第二天就有朋友打电话给我说他们卖场刚到一辆白色1.5手动风尚版的，我第二天就赶去交了定金，之后一直没时间，今天好不容易提到了，刚刚才开了10多公里，油耗什么的还估不出来，但是看瞬时油耗平均8个左右，发动机声音不大，在车里能感觉到有点震动，但是很小
1|2.02E+13|440|2956|起步的时候比我以前开的神车桑塔纳1.8的要肉点，但是也能满足我的需求，空间的话之前就觉得不错了，我178不管是做前排还是后排头部和顶起码还有一拳的距离，而且脚膝盖不会碰到前排，唯一不太中意的就是长福的通病了，后门关上以后缝隙有点大，和经典福克斯差不多，密封性应该还不错，想来渗水是不太可能的吧
1|2.02E+13|448|2985|怎么零件比整车还贵呢
1|2.02E+13|457|3224|我的新胜达方向一边重回力大点一边轻回力小，4s不肯做四轮定位说没问题，我提车二十天
1|2.02E+13|458|3225|小劲发动机冷启动的时候机器声音比较大嘈杂?我在4S点换的半合成的机油换完就给后悔了?现在准备换个牌子的机油?各位有没有好的建议指点一哈金美孚0-40的有没有用过的朋友给点意见.
1|2.02E+13|471|3257|行车时，方向盘摆正，车明显左偏；车跑正，方向盘右偏约10~15°松开方向盘，让车自个跑，车稍左偏，方向盘右偏回头翻翻说明书，发现说明书错页漏页，说明书都印不好，车能造得好
1|2.02E+13|477|3265|我的是2.0D1，全景天窗，天窗外面顶部，左右两侧与车身之间有条皮质的压条做接缝，但是那个压条非常软，今天发现天窗关闭的时候碰到压条，导致右边压条扭曲了，重新弄了下，左边又扭曲了，关了好几次才两边都正常，不留意的话都不知道，下雨天恐怕要漏水了
1|2.02E+13|493|3313|反应在我的途安上的问题：，从2012年1月4日接回家到现在，我发现唯一的问题就是在拥堵路段跟车是偶尔有“失速”的情况发生，具体“失速”的时间间隔在2-4秒，感觉好像是断油了
1|2.02E+13|517|3421|1、1、2档难挂难摘，倒档难挂的问题
1|2.02E+13|517|3422|2、车轮螺丝容易扭断的问题
1|2.02E+13|517|3423|3、停车后排气管滴滴响的问题
1|2.02E+13|517|3424|4、车时间长了，发动机噪声变大的问题
1|2.02E+13|517|3425|5、空调制冷效果不好的问题
1|2.02E+13|517|3426|6、方向左转打死有异响
1|2.02E+13|517|3427|7、中控台异响
1|2.02E+13|517|3428|8、过不平路时候，后减震咚咚响的问题
1|2.02E+13|517|3429|9、部分前车窗雨后不能升降的问题
1|2.02E+13|517|3430|10、驾驶座椅高低不舒适的问题
1|2.02E+13|517|3431|11、方向盘挡看转速表等视线的问题
1|2.02E+13|517|3432|12、佳通轮胎质量差的问题
1|2.02E+13|517|3433|13、变速器有异响的问题
1|2.02E+13|517|3434|14、加油门有异响的问题
1|2.02E+13|517|3435|15、发动机不能启动，需要二次打火的问题
1|2.02E+13|517|3436|16、发动机二次打火的问题
1|2.02E+13|517|3437|17、偶尔失去动力的问题
1|2.02E+13|517|3438|18、加速转速加不上去的问题
1|2.02E+13|523|3450|起步略肉，輮起来就爽一些了，胎噪神马的倒是在接受范围内
1|2.02E+13|523|3451|后备箱因为之前一直没看数据，看到实物觉得比自己的需求小了些
1|2.02E+13|523|3452|流线型的车导致高度是硬伤
1|2.02E+13|523|3453|身高真是太坑爹了
1|2.01611E+13|528|3504|接下来到了选车的时候了，因为工作不久，手里的米很有限，经自己网上大概选了几款7万左右的，后来又向朋友参考了下意见，最终我们选定了长城腾翼C30、北京现代瑞纳、悦达起亚K2、中华H230，我朋友陪我一天走了这几家SSSS店，瑞纳内饰做工差，直接OUT
1|2.01611E+13|528|3505|K2内饰非常喜欢，全黑内饰，不过空间真的很小，淘汰
1|2.01611E+13|528|3510|车子至今没有大的毛病，就是100码以上的噪音有点大，油耗嘛，7个油吧，总体来说，还是满意的
1|2.01611E+13|552|3588|右前刹车刹车盘异常磨损，盘片有较深凹槽，约0.5毫米深吧，造成刹车力度不均匀（有一些，目前不算太严重），并有吱吱响发挥网络互助精神，不想和四S店的人扯但，想听听大家的意见：?问题1：要不要去光盘?光盘（就是拆下刹车盘用机床打磨），费用不高20－40元每个盘
1|2.01611E+13|575|3717|以我爸的的标准来看，智跑的发动机不够理想，噪音比较大，而且两辆车的发动机都有一种哒哒响的杂音，沙滩金的杂音更大一些
1|2.01611E+13|575|3724|感觉车内噪音还是有点大3.方向盘不是很轻，有点分量
1|2.01611E+13|580|3743|求助，2012年7月的奥德赛启动到点火瞬间听到咵啦啦一声，有时很明显，有时声小点
1|2.01611E+13|585|3760|???2、车前雷达问题：车前雷达需要在倒车辅助打开时才起作用（就是自动泊车上面那个P键）或者在挂入倒档后也可启动，如果在D档没开启该功能车前雷达不报警，（我的车车就是当初太信任车前雷达结果有轮毂被蹭了一下），而且在速度过高或者进入巡航状态后（巡航状态自然速度过高，有点废话了）就自动解除，因此希望广大车友不要过于依赖车前雷达或者在需要的时候一定提前打开
1|2.01611E+13|585|3761|???3、BLUELINK（后称bl）预启动设计不够合理：座椅加热不可预启动（座椅加热在我们这里冬天大约需要2分钟，因此虽然预启动这个不打开屁股还是凉的）、空调必须和车同时打开（夏天无所谓，冬天大约在热车5分钟后空调启动才能达到最好的制热效果，而空调同时打开十分钟都打不到那种制热效果，因此虽然预启动车内只能算是不冷，算不上暖和），这两点我通过bl反映过了，希望广大车友也能一起反映一下，好让现代在软件方整改一下，虽然冬天已经过去，但是希望今年冬天会有更好的车内温度
1|2.01611E+13|585|3767|???9、风噪：风噪确实比较大，高速定速时几乎听不见引擎，以前觉得讨厌的胎噪也不那么明显了，不过风噪依旧，越快越大，不知各位车友有什么措施没有，另外侧向吃风比较厉害，大连是个多风的地方高速时前后方向好些，侧面大风刮过明显觉得车车比原来的轿车吃风厉害很多，不知是不是体型原音
1|2.01611E+13|585|3774|????16、下坡：刚刚想到的，因为原来开的是手动档的原因喜欢空挡滑行不干预油门，但是本车在长距离下坡时最好略哄一脚油（油门大小自己掌握）使得变速箱迅速提档，这样在下坡时可以保持2000转以内的转速比较省油，如果不干预油门，则变速箱会在换档边缘保持很长时间，声音难听同时也很费油
1|2.01611E+13|637|3950|坐在驾驶席，驾驶员位置明显感觉比副座低一点，从驾驶员位置看车头，不整齐
1|2.02E+13|681|4122|不足：1，外观无好感（对我而言）；2，2.0动力弱，1.8T的不了解，存疑；3，无手动+四驱（同X5），手动5速箱（不如X5）
1|2.02E+13|681|4127|不足：1，外观不感冒，前脸人说霸气，在我看来有些繁杂，不够简约，尾部
1|2.02E+13|681|4129|2，没有手动的；3，价格太高，虽说也可以加些预算，但咱挣的都是辛苦米，能省则省，弟不是面子控
1|2.02E+13|702|4208|1、为了能更好的看倒车镜，前门窗有意的留了空白，结果，看右边的倒车镜，有一半还是车膜挡着，看不清
1|2.02E+13|702|4213|2、后窗贴后，清晰度下降
1|2.02E+13|723|4262|2011年3月提的哈弗M2手豪，目前行驶34000公里，但是M2除了空间大意外，没感觉还有其他啥优点，风噪大，胎噪大，高速跑到120左右有风哨，感觉车里水壶烧开了一样，1.5的发动机起步肉不说，也不省油啊，综合油耗8.5了，看了大家的帖子，想加入35的大家庭了，但是乳化问题一直没有解决，乳化到底会对车造成什么影响
1|2.02E+13|735|4326|今天试了倒车灯，无论是白天还是晚上，只要开了小灯或大灯，倒车影像就会减弱，关了所有灯立马就看清楚了，所以晚上倒车的时候关掉大灯和小灯，后面一片清晰，大家试试就知道，白天也一样可以试的，明天上图，别浪费钱换倒车灯了
1|2.02E+13|810|4671|离合每过一段时间，踩下去就咯吱咯吱的响
1|2.02E+13|810|4672|今天又非常响了，明天早上去4S弄，弄完了回来照片给你们看，总是响，吵死了
1|2.02E+13|842|4865|????话说要买车，就对（途观）及（福特翼虎）去了详细的比较;途观，也就不多说了，满大街都是，已经是公共W从C了，审美疲劳了，我这样的身材，坐上去空间小，配置少，1.8T发动机操声大，就像个大妈在叫，一点都不矜持，2.0T的吧价格高，低配就不用说了，除了动力有点高潮外，做进去要啥，啥没有，尼玛的要加价，不加价还强买强送，看尼玛的销售就来气，高高在上?，好像我的钱一定要送你一样，放弃
1|2.02E+13|842|4869|急加速，就没底，偏软的悬挂，（关键是下面的悬挂，不知各位趴下去看了没有，那么细的东西，比我的大拇指粗不了多少，寒心啊
1|2.02E+13|843|4895|疑惑我的是红色的为什么车门没有完整的车漆，光有底漆，就在车门铰链哪里是怎么会回事
1|2.02E+13|846|4900|虽然拿到驾照已有两年，但是一直未曾真正上路开过车，清明假期开着车车出去练车，结果雨刮器突然自己运行起来了，之前也没有仔细研究过车子的各项功能，还以为是感应式雨刮器，外面有一点点掉雨点，就以为它自动运行了……直到练完车，停车、熄火、拔钥匙后，发现雨刮器依旧有节奏的刮刮刮，才意识到是出了问题，看到说明书里说如果出现这种情况要联系4S店，只好打电话询问
1|2.02E+13|865|4993|顶配提车一个月，2K公里，平均油耗显示8.4功能够用，一个月有些功能（雨刮、巡航等）还未完全使用，是个(衣食住行)居家-行的好帮手，赞!有音乐发烧倾向的可得注意，3008的噪音有点大，真的有点大
1|2.02E+13|872|5013|小八11400公里，最近开始路过小沟坎时，两个前门玻璃震动声音比较大，跟开过多少年的旧车似的，真让人难受，狮友们有遇到过吗
1|2.02E+13|889|5050|SSSS店的服务员态度一般，大有你爱买不买的架势
1|2.02E+13|894|5110|?车在使用中有点小异响，好像是在右前轮毂附近，稍颠簸的路面会咕咚咕咚的响，导航一体机（SSSS店送的）会出现难以启动的问题，重新启动就OK了，别的没有啥大的问题
1|2.02E+13|898|5137|先说轮胎漏气的问题，前一段把四个轮都充到了2
1|2.02E+13|898|5138|5，突然有一天发现左前轮瘪瘪的，测量一下变成了1.7了，其他的轮子胎压很正常，本以为车胎烂了，需要补胎，把气继续冲到2.5之后到现在也没事，这种情况出现过几次了，充完气之后又没事了，什么情况酷狗上下的dj音乐也不好听，开了个qq绿钻下载的也不好听，大家都是在哪下载的?求共享一下啊，留个邮箱383261820@qq.com
1|2.02E+13|901|5145|我的小4钥匙打到on，不打火的时候是有“吱吱……”的声音，这个我知道是正常，但是还有一种就像敲键盘的声响，哒哒…哒…哒哒…哒哒…，不会停断的，会在副驾或主驾脚踏之间更为明显，从发动机仓是听不见的，最可恨就是开到一定时间就消失了，随机出现，开到4s又没有了，你们有这个情况吗
1|2.02E+13|920|5255|2012手动科技版，半个月的新车，跑了一千公里，最近老下雨，今天下雨行车时突然发现发动机盖冒白烟，貌似是水蒸气，停车熄火过了十几分钟了还在冒
1|2.02E+13|946|5338|02年8v老爱，打开窗户就飘进很大的废气味道，从去年冬天才开始的现象，也不是总有，现在大部分时间都有，站在车边就能闻到，请教高手怎么回事，如何解决
1|2.02E+13|956|5390|?结论：小3的甲醛没有超标，令我大吃一惊，而TOVC和苯超标，很有可能是加装内饰和贴膜造成的，当然TOVC也有可能是车本身自带的
1|2.02E+13|971|5427|?懂车的出来嘎叽嘎叽响是哪里问题
1|2.02E+13|971|5428|?最近嘎叽嘎叽响是哪里问题
1|2.02E+13|971|5429|最近拉了一次七个人跑了一趟，感觉嘎叽响了，求解决
1|2.02E+13|975|5435|1.把钥匙插方向盘上没打开，车下面会嗤嗤的响，响一会停一会的
1|2.02E+13|975|5436|2.还有原地打死方向盘会咚咚响，且方向盘有振动感
1|2.02E+13|983|5472|启动时，声音很大，试乘时发动机声音都还比较大
1|2.02E+13|983|5476|后去看思域，老婆一坐进副驾驶，觉得太挤了，直接闪了
1|2.02E+13|983|5479|我试驾的时候我岳父坐副驾驶一进去就顶头了，他才1.75啊
1|2.02E+13|983|5480|我老婆做后排也感觉头顶很压抑
1|2.02E+13|983|5483|又去看卡罗拉，1.6自动的，试了一下，感觉也很好，除了方向盘太轻没啥好说的，坐着感觉也好舒服，不会晕车
1|2.02E+13|983|5518|车内味道很大，新车都这样，不管了
1|2.02E+13|983|5558|尾箱，真的很小
1|2.02E+13|983|5560|4s加装的导航倒车影像一体机，什么都好，除了屏幕是电阻屏的，用得不爽
1|2.02E+13|994|5661|???3.14提车以后感觉A60这款车不错，因为天天回家要走内环高速，觉得提速平稳、底盘稳重、车内噪音小、油耗不高，但是轮胎的确不行，车的重心有点高，侧风大的时候车身有晃动
1|2.02E+13|994|5663|根据个人开过的三款车来对比分析下，与车友们共享：????1、1.6手动新爱丽舍：高转速发动机，要想提速快就得拉高转速，此时发动机声音大，但是提速迅速、换挡流畅；油耗低；空调制冷效果好，但是开空调后动力损失大；变速箱存在脱档通病，离合点不找好换挡累；车身较轻，高速有点飘；方向盘助力不行，长途开久了累；国产车小毛病多，长期胶条、玻璃异响、碳罐响
1|2.02E+13|994|5665|缺点是：变速箱半轴渗油，空调制冷效果差，节气门需要经常清洁，内饰差，做工没有日系好
1|2.02E+13|994|5666|????3、2.0CVT风神A60：提速平稳、底盘稳重、车内噪音小、油耗不高（比1.8手动福克斯高，比自动低）、舒适性不错（在紧凑型车范围）、定速巡航很方便好用、变速箱与发动机匹配很好；缺点是轮胎不行，抓地力差，需控制小毛病发生的频率，操控性一般，不适合剧烈驾驶
1|2.02E+13|994|5671|?小六底盘上面出厂就有的底盘装甲，不过涂抹质量不行
1|2.02E+13|1|3|V3跑到100以上方向盘怎么会抖动呢
1|2.02E+13|36|110|无损音乐全部转换成WAVE格式了，用Nero刻成CD，放车上听，显示的全是乱码
1|2.02E+13|43|130|稍微有一点抖动，你们的有这种现象吗
1|2.02E+13|48|140|我的小三买了二年了，刚跑10000公里噪音太大了，稍微一加油就听到嗡嗡的噪音，怎么办啊
1|2.02E+13|54|162|?????开了20天总体感觉不错，音响系统不错，网上说的前风挡下面漏水、机器盖子边缝大没有发现，就是减震太硬，问了几个开小四的都差不多，都是减震硬
1|2.02E+13|56|166|我是个新手，今天挂档的时候，忘记踩离活器，直接从一档挂到二档，没有挂上，但听到一声“吱”响，好大声的，这样会怎么样呀，响后，挂不上，我马上踩下离合器，才挂上，车子不会坏了吧，最后，我小心的开回了家，怕
1|2.02E+13|76|266|我的车是2010年12月份买的，我发现车子的铝轮很容易脏，擦干净后发现铝轮子表面有绣店和发黄，看其他的车子铝轮用了4、5年的，看起来还很新的，请问各位车主有没有这种状况
1|2.02E+13|78|269|这几天发现加速的时候很大的油味
1|2.02E+13|78|270|好臭
1|2.02E+13|84|278|请教各位大大~~右后雾灯的灯罩竖着裂了一条缝隙，对车有影响吗~验车能过吗~换一个需要多少钱~~谢谢各位
1|2.02E+13|85|280|缺点是贵，但是现在排除了，不解释
1|2.02E+13|85|288|方向、离合、油门肯定很硬
1|2.02E+13|85|292|由此可见有多颠、多硬
1|2.02E+13|231|896|马牌轮胎换上后，感觉很软很静·但是发动机的声音严重的响了起来·晕（搞得我都爱空档滑行了）卸下来的4个轮胎还能跑上3万公里，（1.5W卸下来的）
1|2.02E+13|235|908|2，大小：大小够用原则，尺寸在那，就是长度稍小
1|2.02E+13|235|913|4，噪音：1.6的噪音是大点儿，可以承受的，LD说得好，别和轿车比
1|2.02E+13|236|916|本人真心喜欢纳纳，已经准备入手了，但是听说有爆振，一直在犹豫中，昨天晚上打车回家，超过一辆纳纳，听到那个爆振声，好脆那种金属声，哎，好无奈的纳纳呀，让我喜欢让我忧
1|2.02E+13|243|955|可是N年后你再看看，皮子老化了
1|2.02E+13|243|958|可是很难清洗干净，那叫一个烦
1|2.02E+13|249|989|我的车是2012年5月产的，常逛论坛的人应该知道，去年早期出厂的小7，冷却液盖子密封性不好，总往外喷，和那个去西藏的大胡子的车一个症状，我的也有，去年6月去了趟青海湖，冷却液喷出来不少，后来4S通知更换盖子就好了，可是我的车冷却液剩的不多了，昨天顺手买了一瓶
1|2.02E+13|251|994|在4S做好首保之后，我开车出去刚上道路就发现踩下油门的什么有一种说不明白的声音，像喷气又像喷油声，在窗门关闭的情况下很明显，不踩没有一踩就有，在空挡里踩油门好像听不出来
1|2.02E+13|251|995|从提车到去做首保的路上都没有这种异响，踩下油门提速声音都很正常，听着挺舒服
1|2.02E+13|251|996|发现之后马上找到4S店，他们搞了半天也不明原因，叫我在开一段时间看看想不了了之，在我强烈要求下在我的首保单上加上“踩油门有不明异响，未解决，后续跟踪”
1|2.02E+13|300|1185|开车上路后，换挡比较明显，有咯噔的声音，也许是新车的原因，刹车抬起的时候，抬的快了，车有点抖动
1|2.02E+13|300|1186|最明显的缺点就是起步有点肉，如果在抢道的时候，有些吃亏
1|2.02E+13|301|1189|去年3月买的车，才一年，前段时间听说示宽灯那边有朋友有烤糊的现象，果断检查了自己的车，果然糊了
1|2.02E+13|307|1200|崭新的阳光车，舒适型，2月26日提车，跑800公里，从车尾看，就看到排气管里面就黑乎乎的，就像是黑烟筒那么黑，伸一个手指进去摸，手上都是黑，这是怎么啦
1|2.02E+13|316|1237|加上这AM/FM共享式放大器虽然加条天线，信号上来了，但过滤的不干净，个人认为没有改装的必须，拆过一次就不想拆第二次了
1|2.02E+13|318|1241|我用nero刻得mp3碟，308的碟机怎么放不出来，是不是有什么讲究
1|2.02E+13|323|1254|车子只是偶尔有D3失速现象，怕升级后毛病更多
1|2.02E+13|325|1257|E90，325Izf变速箱后线束漏油了
1|2.02E+13|328|1269|从来没见人谈这个，14款外型内饰我都很喜欢了，动力环保更是不用说一直都满意，就是这个扶手，如图，很奇怪，为什么设计倾斜幅度这么大呢
1|2.02E+13|330|1275|2001年的蓝鸟，发动机是EQ486,50公里以前低速行走，一松油门，发动机转速马上掉到500多转，然后回升到正常怠速，有时还会熄火
1|2.02E+13|347|1336|最重要的问题是后备箱空间有限，孩子的推车和帐篷根本没法放
1|2.02E+13|359|1523|我的启辰起步不给油就熄火了啊
1|2.02E+13|368|1597|在走不平的路的时候前机舱有咕嘟咕嘟的声音好像水沸了一样，大家有这样的情况吗顺便问一下发动机舱脏了如何正确清洗，听说不能用水冲，宝马发动机也不行吗
1|2.02E+13|369|1598|国产两桶油：93#纯市区接送小孩买菜油耗:13-13.5升感受:加速感觉一慢，发动机声音稍大，加速时转速高噪音大
1|2.02E+13|373|1608|我的是718舒适型的，过坑洼路右后轮像撞击到到什么东西有巨大的响声方向盘像松了一样也响，挂倒挡像没踩离合器一样有异响，有同样问题的吗，求帮助
1|2.02E+13|402|1784|变速箱操作手感稍微有点重，除了行程略偏长和倒档偶尔不太好入位外，这个变速箱很容易操作的行云流水，加上切换档位时会有低沉的机械“卡卡”声，你肯定有开快车的欲望
1|2.02E+13|402|1785|倒档如遇到不好挂入，把离合踩死一点或者再来一脚离合即可解决，也算无伤大雅
1|2.02E+13|402|1786|还有一个情况，在比较小的空间里挪车时，难免会来回前后移动，很多人车未停稳就挂倒档了，这样很难挂入倒档，就是硬挂入也伤齿轮，这不是车的问题，是操作的问题
1|2.02E+13|402|1787|总的来说这车感觉像是老式欧洲小车（比如菲亚特派力奥），低转速下动力有点浑浑噩噩，速度提起来后就越发精神，尤其是高速直行时整车给人信心挺强，加上不错的换挡操作手感，那感觉就想在挑逗你，来呀，再快点呀，你真要试着急变道、快过弯，这车下盘还是发软，陪不起你玩
1|2.02E+13|413|1892|一个星期以前跑40多公里以后突然发现右前刹车异响共振
1|2.02E+13|413|1893|刹车片高温
1|2.02E+13|421|1917|怠速的情况下，坐在座位上感觉抖动比以前厉害很多了，怎么回事
1|2.02E+13|427|1930|汽油版2.4升新车刚启动转速很高正常吗
1|2.02E+13|427|1931|还有空挡的时候档位杆有点抖动，请教
1|2.02E+13|438|2103|?????后备箱空间不如小三的大啊啊啊啊啊啊啊...........????你猜
1|2.02E+13|479|2288|提速不算慢，油门踏板很舒服，自我感觉离边太近，我脚放上去空间有点紧凑
1|2.02E+13|479|2289|当然缺点不能忽略，高速风噪，但不像一些用心不良的人说的那么差乎，才四五万的车你要求多好，拖拉机我也开过，都能忍受，小三我更没说的
1|2.02E+13|479|2290|减震我感觉有点硬，稍微有颠簸
1|2.02E+13|479|2291|还有像网友所说倒挡不太好挂，慢慢习惯吧
1|2.02E+13|516|2663|师傅没备货，帮忙把四个都用砂纸打磨了下疑问来了，装车后排气管冒出的白烟那是相当的吓人，一脚油门下去腾云驾雾啊，热车后减轻，今天是换的第四天，好了很多，冷车也不明显了，当时很纠结，和师傅确认了很久，说实话，很不放心，还好，没事，不过现在偶尔不好着车，要打五秒的样子花费：正时皮带：145元，涨紧轮：85元，水泵：165元，节温器：45元，节温器盖：55，密封圈+卡簧：20元，工时：100元，合计615元
1|2.02E+13|595|3308|上个月刚换的玻璃，今天整整一个月小石子，啪一声，裂纹应声而来尼玛的CC的玻璃就这么脆弱
1|2.02E+13|596|3310|谁的车走烂路时减震蹦蹦的响
1|2.02E+13|608|3360|我的小四后窗摇下的时候玻璃不能完全下到车内，请问坛里的各位大虾，是不是都是这样啊，还是我中奖了啊
1|2.02E+13|626|3517|Q2：?尊贵版车型的天窗，设计为一键开启，长按关闭，不是很合理
1|2.02E+13|626|3519|Q3:???有多位提车的车主反应，翼搏冷车启动的时候，怠速声音较大，比一般的车都要大，但是过一会儿就好了，，这个问题估计只能是增加隔音来解决了，，不想花钱做隔音的，，下次看车的时候，最好去体验一下，是不是在自己能接受的范围内，，，??还有什么缺陷，，大家提啊，，再补上，，别提什么应该配这个应该配那个的，，得提缺陷，不合理的地方，
1|2.02E+13|658|3633|开始选车看过凯越和K2还有轩逸，凯越：外观大气，但是内饰不好看，以前开过朋友的，感觉一般吧，去看车的时候只有1W优惠
1|2.02E+13|658|3635|K2：外观很好看，但是空间太小，而且动力....轩逸：大气，里面空间也大，坐着很舒服，但是感觉很笨重，又是日本车所以也....后面去一汽试驾B50，感觉发动机噪音大点，操控很好，动力也还行吧，到70、80的时候加速比较快
1|2.02E+13|658|3645|防眩目后视镜带指南针，感觉指南针不怎么准
1|2.02E+13|667|3708|我的小三于4月13日提回家，到现在才开了三百公里，但论坛上说的小问题我的小三现在出现了，第一就是刹车会响，大脚的踩不会响，轻轻地踩就会响，刹车皮太硬了；第二就是开着发现怎么挡把有点歪，我的是自动挡，看到歪了就拧了一下，竟然可以拧动，我还拧了一圈，感觉比较紧，但还是有点松，现在自己不敢拆，等首保再处理一下，估计固定挡把的螺丝松了
1|2.02E+13|725|3909|早上启动原地打方向盘就会有异响!觉得瑞纳的隔音效果不是很理想
1|2.02E+13|725|3910|跑高速期间外面的沙子声音能够听的很清楚
1|2.02E+13|752|3995|我的R50手舒，昨天自己装导航，完成后挂倒档检查倒车影像，发动机没启动，挂上任意档，发动机仓里出现蜂鸣响声（此声音不是很响，轻微不断续的），空挡就没有
1|2.02E+13|781|4213|很简单，大灯开关下面就有借口，插上就好，固定好显示屏就行了，上图安装好的效果需要加胶条固定左边上中下分别为水温发动机转速电瓶电压右上中下分别为室外温度每小时油耗?平均油耗接口在大灯开关下面插上接口就行固定好线3大家最关心的油耗?共行驶274公里，提车时21公里加满油加了183.76元23.29升磨合期比较费油算下来百公里9.2升油每公里0.727元全是市区比较堵在接受范围内估计磨合完油耗能下降开了一星期新车要出差了2星期见不到我的翼博伤心啊就像见不到老婆一样没有买车衣用以前捷达的凑合虽然简陋点也能保护点车漆我家距离海边几百米海风太大保护一下好刚打完腊也得保护?【最满意的一点】空间不错，外形很酷【最不满意的一点】动力稍弱?【空间】不算很大，比日产系列空间小，比我以前的捷达空间大，感觉够用
1|2.02E+13|805|4305|本人在淘宝买一个防盗器带一键升窗，响声用原车喇叭，太吵啦，一按防盗会响两响，感觉很大声，不过带的一键升窗真的很好用，所以不想拆，请问有什么办法会令喇叭小点声
1|2.02E+13|858|4502|这个异响曾经出现过，一直没太在意，今天早晨点火，又出现了，在车里就能听见除了发动机运转声音以外的“咔咔”声，发动机的声音是均匀的“嗒嗒”声，而这个异响的声音是时断时续的“咔咔”声，打开前机盖，仔细听还比较有规律
1|2.02E+13|858|4504|熄火，重新点火，还是有异响
1|2.02E+13|874|4560|总的来说没什么特别明显的感觉'在突然加速时候缓缓上升'停车熄火时左前轮会听到'间歇排气声音'就像轮胎漏气一样声音'一段一段的'没有拍照
1|2.02E+13|936|4868|乳化后的机油润滑能力大幅下降，持续运行会导致发动机损坏，存在安全隐患
1|2.02E+13|96|341|特别翻黄，不知道你们是不能这样?我刚买的时候还没怎么发现，一个月后洗完车就发现了
1|2.02E+13|96|344|??然后关于主架驶左门异响是哪里响，有时右边和右后门也响
1|2.02E+13|100|370|首先，我作为VV车主对那些车黑的恶劣行径表示蔑视
1|2.02E+13|103|381|无聊
1|2.02E+13|103|382|撕了前轮
1|2.02E+13|123|468|而且还是那种除了喇叭不响全身都在响的那种
1|2.02E+13|123|497|我心里那个郁闷呀
1|2.02E+13|123|512|去4S店一问分期下来大概要多付将近1万块钱，顿时心里有点不舒服了，多付一万
1|2.02E+13|123|513|伤不起呀
1|2.02E+13|123|518|3万对于我们工薪阶层来说还是有点吃力
1|2.02E+13|123|534|侧面右大灯左大灯????挺犀利的后备箱还够用?17寸的大脚??现在连气嘴盖也有人偷吗
1|2.02E+13|123|535|郁闷
1|2.02E+13|123|547|就是有时挂一档的时候挂不进去，要给点油或者车动一下
1|2.02E+13|123|551|后减震有点硬，前减震还好
1|2.02E+13|126|559|前天下雨没有开车，上车后发现脚垫下又有水
1|2.02E+13|126|560|我去天窗又漏水，直奔4s
1|2.02E+13|126|563|可惜心中想着我的70还漏水，就没有去看
1|2.02E+13|133|579|这几天发动机故障指示灯一直常亮，并且ESP指示灯亮时转速表立刻归零，但是发动机运转依旧正常
1|2.02E+13|136|589|史上最全的26种开车的不良习惯?1、白天开大灯行驶不好；错误，不但对汽车无丝毫损坏，而且能极大地降低事故率，西欧数十国家法律规定无论白天和黑夜必须开大灯行驶
1|2.02E+13|136|590|????2、夜晚远光灯越强行驶越安全；错误，灯光的照射角度越大越安全，灯光抬的越高越亮越危险
1|2.02E+13|136|591|????3、常常使用大油门对发动机不好；错误，发动机在档位上转速经常提到4000以上不但无害，还对发动机有一定的好处，常常空档踩油门或长时间在高转速上才对发动机不好
1|2.02E+13|136|592|????4、习惯性踩离合器是减少麻烦的办法；错误，习惯性踩离合器不但对机器不好，反而麻烦会更多，更重要的是不安全
1|2.02E+13|136|593|????5、汽车行驶时将中央门锁锁死是安全的办法；错误，这是极其危险的办法，汽车一旦出现事故时，会打不开车门，因而危险率进一步提高
1|2.02E+13|136|594|避免小偷抢夺车内的物品，最好在堵车时或等红绿灯的时候再将中央门锁锁死
1|2.02E+13|136|595|????6、习惯泊车后只拉紧手刹；错误，在不平的地面泊车后不但要拉上手刹还要挂在档位上，这样才是防止汽车因路面不平避免下滑的最好办法
1|2.02E+13|136|596|????7、在高速行驶的路面上速度越慢越安全；错误，如果驾驶的是小型轿车，速度慢于60km/h反而是不安全的，根据车的性能速度常保持在80-110km/h较安全
1|2.02E+13|136|597|????8、开车行驶在最右边的道最安全；错误，这最不安全，因为遇到超车和从右手并上该道的情况比别的道上的车要多
1|2.02E+13|136|598|????9、单向行驶时如果有双道，压虚线行驶最安全；错误，这最容易出现事故，因为无论是前后行驶的车辆无法判断你行驶的意图
1|2.02E+13|136|599|????10、高速拐弯时一边踩离合器一边踩刹车行驶最安全；错误，不可踩离合器，无论任何情况下，踩离合器行驶会增加汽车的惯性，应该将档位放低后再踩着刹车行驶
1|2.02E+13|136|600|????11、汽车加装ABS系统后是为了缩短刹车距离；错误，ABS最大的优点不是缩短刹车距离，而是防止轮胎暴死，因此，即便遇到特殊情况将刹车踩死，其方向盘也是可以操控汽车的方向，学会紧急刹车后缓冲这段刹车的距离是认识ABS的关键所在
1|2.02E+13|136|601|?????12、遇到其他驾驶不熟练者或违章者应通过喇叭或大灯提示他；错误，应该尽快远离他，按喇叭或大灯提示他只会增加他的紧张情绪，使他更加难以控制汽车
1|2.02E+13|136|602|???13、拐弯或并道时应先看反光镜；错误，应先扭头看一下车的后面再看反光镜，因为，有时反光镜调矫的不好会有死角现象，此外，转向灯打开后会使靠近自己的车辆增加提速或放慢的几率，仅从反光镜不能完全判断正确性
1|2.02E+13|136|603|????14、驾驶时抽烟，用左手拿烟顺手；错误，用左手只是往窗外弹烟灰顺手，应用右手，左手无论任何情况都不要分心操控方向盘
1|2.02E+13|136|604|????15、开车时听音乐会分散驾驶者的注意力；错误，好的音响设施和自己喜欢的音乐能进一步抑制疲劳的精神状态，能进一步调整更好的心理状态
1|2.02E+13|136|605|?K????16、开车行驶时只注意保持前后车辆的距离；错误，除了保持与前后的安全距离外，还应尽量避免与左右手的车辆保持并列行驶，通过提速超车或放慢速度来错开并列行驶者，并列行驶的最大坏处是分心，容易使注意力从前方分散到左右，对初学驾驶者更容易造成紧张不安的情绪
1|2.02E+13|136|606|????17、将驾驶座椅调的越靠近方向盘越有安全感；错误，这纯属心理作用，反而越靠近方向盘越容易增加紧张情绪，除不影响脚手操控外，驾驶座椅越远离方向盘越好，一是驾驶时的视觉更广大，左右眼的余光看到的会更多，二是座椅靠方向盘太近，必然绻着腿驾驶，长时间容易疲劳，三是出现紧急情况身子与汽车的操控台、方向盘缓冲的余地大，安全系数高
1|2.02E+13|136|607|???18、除车窗反光镜的位置不贴太阳膜外，在其他地方大面积贴太阳膜不影响驾驶；错误，驾驶者的视线不光是前方，侧面和后方同样需要经常看，影响驾驶者的视线增就增了加危险的程度，此外还会减少驾驶者的乐趣
1|2.02E+13|136|608|????19、驾驶室内的反光镜是为了看后座的人；错误，是为了看后面行驶的车辆和左右反光镜的死角
1|2.02E+13|136|609|????20、无论任何情况1挡起步好；错误，光滑的路面用2档容易起步，此外，在光滑的路面用1挡当刹车比直接刹车效果更好
1|2.02E+13|136|610|????21、高速行驶时一边的轮子突然压到积水的路面很危险；错误，如果盲目踩刹车才危险，遇到这种情况控制好方向盘比踩刹车更重要和更安全的多
1|2.02E+13|136|611|????22、光滑的路面应学会用好手刹和脚刹来控制汽车行驶；错误，应学会用好档位来控制汽车行驶
1|2.02E+13|136|612|????23、空挡行驶时省油；错误，没有科学根据，熄火行驶才省油，但两者同样不安全
1|2.02E+13|136|613|????24、习惯开快车的人驾驶技术高；错误，驾驶好的人是判断准确和果断，并将最坏的可能考虑在内
1|2.02E+13|136|614|????25、提速超车时首先是观察和判断前方对应驶来的车辆情况；错误，首先是观察和判断后面行驶的情况，在确定后面没有车辆欲超自己的情况下再观察和判断前方的情况
1|2.02E+13|136|615|????26、晚上行驶将前后的雾灯打开更安全；错误，更危险，尤其前雾灯的白光束非常强，影响对面行驶的车辆同样会影响自己的安全
1|2.02E+13|141|653|店子的环境真寒酸，不过不影响改灯就行了，呵呵
1|2.02E+13|143|658|各位大神，我的蓝牙怎么都连接不上了，手机在别人车上都能连接，别人的手机在我车上也能连接，这几天每次用我的手机连接就会出现连接不成功，我的是两驱智能型的，是不是我哪里还是没有操作对
1|2.02E+13|144|659|刚换了新的空调压缩机，下雨天的时候空调非常的冷，热的时候开空调就不冷了今天中午开空调3档，一堵车，就像在蒸笼一样那样热，跑起来后稍微好点点，万能的C30论坛，有没有什么好的建议把10款的空调变得制冷点啊加了2把电子风扇，搞定了，空调冷了，今天大太阳下，全程一档风搞定我是找的一个空调修理店，270元（含2个风扇，风扇是老板从汽配城买的，1个继电器，一个保险，具体接线我不太清楚)压缩机启动，风扇就启动，压缩机停止，风扇就停止，如果不开空调，风扇就不会转拆掉保险杠，在这两个地方加一个8寸的，一个10寸的电子风扇，就可以解决空调散热问题，这样就解决了空调制冷问题
1|2.02E+13|145|661|我几乎全是市区行驶,红绿灯多还拥堵，市区之外行驶很少,常去的地点单面还不足3km,这应该是造成高油耗的原因吧.5月起我在加油小票上记了一下，2086-2333km5月6号加油43.79L316.60元,2333-2614km5月26号加油47.88L348.09元,两票综合计算下来17.36L/100km.??5月26号送朋友到江北去了一趟，在北部新区翠云加油站往南坪方向走，出来油表自动刷新，2614km起显示8.6L/100km??路况较好,不怎么堵,有几个红绿灯等时都不长,均速约45km/h,走到2620km显示7.1L/100km??到车库停车,这一段略拥堵,均速约25km/h,总里程2625km显示8.9L/100km.??这几天市区行驶,油耗又开始上升,到29号总里程2664km显示16.5L/100km.总的看来,如果不太拥堵、红绿灯少、跑高速,达达的油耗还是算可以,应该是8L/100km左右.只在重庆市区跑,因为拥堵,特别是等红绿灯耗时太多是比较耗油的,要想低于17L/100km不容易
1|2.02E+13|145|662|还有就是有车友说达达起动有冒黑烟现象，我好几次一起动车就到车尾观查，从没发现过
1|2.02E+13|147|664|我是2012年4月份左右买的,2012款三厢1.6LATPremium纪念版,怎么到了冬季后，刚启动，低速行车时只要轻轻踩油门，中控台里面就听见嘚嘚嘚嘚...的响声，不踩油门不想，只要踩就响，更奇怪的是，车挂在P挡时或者N挡，踩油门也不响，只要带动车走的时候就响，起初以为是中控台里面有什么东西产生共振，但问题是开几分钟发动机热了就不响了，那个声音就消失了，我去问过售车部，他们也检查不出什么问题，他们也确实听见这个声音，但是不知道什么地方的问题，哎无奈啊
1|2.02E+13|148|688|前面柱子很挡视线，尤其是左边，习惯了提前看眼左窗就没问题
1|2.02E+13|148|690|空调很凉快坐着舒服，开着不累，就是动力稍微不足，挂倒档时候踩上离合等1-2秒就不会咯噔咯噔响
1|2.02E+13|154|734|刚才和几个原来的同事通了电话，都在抱怨，这几天被顾客骂的狗血喷头
1|2.02E+13|164|773|俗话说买的没有卖的精，厂家通过减配省的材料钱会大过降的差价
1|2.02E+13|165|777|第二：这个绝对是问题，希望厂家重视
1|2.02E+13|165|778|不是说只有劲炫一部车漏，但是如此普遍，严格来说，无论是什么油，都不应该出现在转向装置的最外表层上
1|2.02E+13|165|779|这就应该是“漏”
1|2.02E+13|165|780|第三：厂方至少应该解释，是什么原因漏，是一次性漏还是一直会漏，情况严重会有什么后果，怎么解决
1|2.02E+13|172|878|但是，涡轮增压的迟滞性会让车辆起步乏力
1|2.02E+13|172|881|但油耗是省了，性能却大打折扣
1|2.02E+13|172|905|不是说没有电就不能走，但是，性能下降太厉害了
1|2.02E+13|182|993|我的花管开到二十公里会自动上锁的，皇冠居然没有，太不应该了
1|2.02E+13|187|1020|如果不是噪音大点儿，真想以后就这么开了，好像比转速2000转跑三挡还要省油，是不是这样啊
1|2.02E+13|195|1029|在老家托了好几次底了，一直很担心地盘上的油管，抽空看了一下，发现好像原来的一个卡子被托的移位了，也没弄回去
