1|0|0|doc589-1|希望4s加强售后服务，让我舒服点儿！
1|0|0|doc589-2|我最后拿到的并非低价，我承认我只为了颜色就买了，但随后我就开始非常讨厌奔驰价格战这件事儿！
1|0|0|doc1088-1|a6不适合女孩子啊！
1|0|0|doc1190-1|在沃尔沃全线撤退240马力四缸涡轮引擎这件事上，显示出了福特是真的够缺德――福特抢了沃尔沃的安全系统，但是沃尔沃想买福特的发动机都不给了。
1|0|0|doc1209-1|又一次抛锚，电瓶才用两年就彻底坏了，汽车价格打折，质量也跟着大打折扣
1|0|0|doc1979-1|目前消息看来售价各种坑爹反正我驾照还遥遥无期脑残的福特弱智的ecu位置还有薄的不能再薄的后排座椅唉坐等降价哇不行就上途观好了再说明年suv行情啧啧……
1|0|0|doc2151-2|但是奥迪的品牌跟奔驰比还是要差蛮多的。
1|0|0|doc3470-1|作为个车迷看到大众推全新taigun小型suv概念车的消息，真心要吐槽vw，从帕萨特到迈腾，途观和途锐，现如今vw已经懒到如此的丧心病狂的态度就是名字修改了一下途观的字母顺序真恶心这辈子都不要买大众了，就冲你这厂商不真诚的态度，我看你神车的老本还能吃多久，不要什么都往家族式这3个词靠好吗?
1|0|0|doc4045-1|丰田5a-fe发动机，卧槽尼玛啊！！
1|0|0|doc4172-1|奇瑞a3，长安悦翔，天津一汽威志存在极大风险，自主品牌让人担忧。
1|0|0|doc4450-1|某人车车保养了下7000多，让我心痛不已''7000可以买好多东西''奔驰真他妈的坑爹''同学的奥迪宝马都不用那么贵
1|0|0|doc5008-1|延展性和遮瑕略逊色于迪奥。
1|0|0|doc5209-1|对大众开始失望了。
1|0|0|doc5272-1|估计变速箱也有可能，动力总成一直是自主品牌的硬伤从袁总的长处短处论，极有可能是合作开发发动机，奇瑞在02年左右就和奥地利的avl合作开发发动机，可谓奇瑞的长处，而广汽目前可能短板就在发动机上，拭目以待！
1|0|0|doc5959-1|大众的车设计猛一看还真看不出来有什么区别，什么新帕萨特，新迈腾，新朗逸，新宝来前脸看起来几乎都是一个样，设计趋同化很严重。
1|0|0|doc6127-1|大众系果然烧机油啊，帕萨特、迈腾、奥迪无一幸免
1|0|0|doc6129-1|我想买它的平板电脑我觉得而已，我打死不升级这界面好恶心
1|0|0|doc6813-1|操，让广汽去生产，彻底毁jeep这个牌子啊，看看丰田和本田，没有防撞梁，焊接的车门，这样的jeep，你可以想象吗？
1|0|0|doc6875-1|每次当看到奇瑞有新车要上市的时候就感觉有点想吐！
1|0|0|doc7026-3|嗯，我举报大众、丰田、本田等国外汽车公司存在与本案中耐克一样的高价简配的双重标准行为
1|0|0|doc7041-1|机械增压的a63.0t去年被评为全美质量最差车，和捷豹xf并列全美质量最烂，途锐总算不垫底了机械增压的应该比一般的少烧点机油吧
1|0|0|doc7278-1|今年7月国产b级车市场销量排名，前三分别是帕萨特、迈腾、凯美瑞、而索纳塔8代销量排名第五，且与前三销量成绩相差甚远。
1|0|0|doc7757-1|我也想考虑迈腾的速腾高尔夫简配还不降价，高尔夫以前还要加价提车，其他厂家加油啊，不要让大众这么嚣张看来也有我出的那份工资啊不要买一汽大众的车，我本来还考虑高尔夫呢，直接pass，利润太高了
1|0|0|doc7796-1|雪佛兰科鲁兹---耗油，本田思域丰田卡罗拉日产轩逸---日系，不考虑，标志408---讨厌车标，车型也难看，雪铁龙世嘉----外形不好，大众朗逸----内饰差，加价提车，售后超差
1|0|0|doc7835-1|感觉刹车功能不太好，好危险啊！
1|0|0|doc8019-1|好脑残的车啊！！
1|0|0|doc8496-1|2012款本田cr-v太难看了，那尾部设计真够败笔的。
1|0|0|doc8661-1|通用的汉兰达肯定不行，爬坡爬不动。
1|0|0|doc8759-1|恩，赞同，关键是投资了奥迪a4后期还有无限的未知，性价比太低。
1|0|0|doc8818-1|宜昌天时销售雪佛兰销售顾问犯的低级错误让人无语。
1|0|0|doc8883-1|看着比亚迪这个牌子就心毛，我的f3两年而已，油耗都超过10了，北海4s店保养连轮胎气压都不检查，检查油耗查了几次一点结果都没有，先把售后做好再去好高骛远提什么突围吧。
1|0|0|doc8953-1|国外奥迪也烧机油啊，一辆tt威猛的超过我们，然后看到老外急忙冲进超市搞了瓶咕咚咕咚一顿猛灌
1|0|0|doc8977-1|宝马销售商怎么请的这些素质低下的销售员？？
1|0|0|doc9168-1|bmw，我对你无语了！
1|0|0|doc9201-2|噪音大，齿轮箱差，经常窜车和换挡时的大动静，而且刹车时抖动等。
1|0|0|doc9229-1|每个豪华汽车品牌都会推出相应的自行车，这些豪华品牌汽车推出的自行车主要以山地车为主，并且价格都不菲。
1|0|0|doc9245-1|奥迪4s店的态度都这样傲慢？
1|0|0|doc9317-1|本田，日产，马自达不行后，现在本田也不行了
1|0|0|doc9372-1|设计拯救韩国汽车：韩国车以前给我的印象是外形平平，内饰土气，机械粗糙。
1|0|0|doc9372-2|为了衬托韩国同行，小日本也很配合：本田在运动路上越走越远，日产坚持“窄胖高”路线，丰田根本就没有设计。
1|0|0|doc9464-2|在看新款本田crv，感觉内饰好多塑料件，不是很舒服的样子？
1|0|0|doc9547-2|做不好的日企不要啥都怪政治啊政治的牺牲品，杯具～日系车真是杯具寮~
1|0|0|doc9600-1|不过日本车的安全性确实有待考虑，从来没有考虑过日本的车...
1|0|0|doc9636-1|宝马与奥迪的4s店服务相差太远了，杭卅骏宝行真是要好好反思一下，员工素养不是一个级别。
1|0|0|doc9682-1|我还真不信丰田这么硬气。
1|0|0|doc9720-2|由于2012年上半年1600万元净利润令人失望，比亚迪（byd）实际状况比预想的更差。
1|0|0|doc9787-2|美国特色，大排量加马力低............
1|0|0|doc9797-1|一位同行和我分享，说看完这部车有点失望，尤其是内饰，没有照片上那么有质感，还是有较强的塑料感。
1|0|0|doc9865-1|马自达全球连亏五年，不能不说是车企里的奇葩，福特曾是马自达的第一大股东！
1|0|0|doc9867-1|奔驰慢慢跟不上宝马和奥迪的节奏了3.5v6的技术out了
1|0|0|doc9915-1|这个嘴下面有点像福特的车～太凶了我还是喜欢咱的大嘴你瞧这样看来咱们的大嘴就显得太无辜了对不对~新款用这个造型太有侵略性了萌态全无啊~~
1|0|0|doc9916-1|5.26比亚迪出租车爆炸危机虽然化解，但真正的安全隐患没排除，按目前技术，一个电动车如果要有一定续航能力，车载电池的重要将严重影响车辆的控制，电池太重，车辆转弯将可能侧翻。
1|0|0|doc9928-1|这是供求关系造成的奥迪4s店的态度都这样傲慢？
1|0|0|doc9952-2|刚刚看完哈林组的终极考核，感觉金池就像一辆奥迪，看起来很美；
1|0|0|doc9990-1|国产车就是给力，高速，一长安奔奔，追尾丰田凯美瑞，整个后备箱被彻底干翻，这是什么级别的对抗，这是什么力量，看谁还买小日本！
1|0|0|doc9992-1|好的品也要配合好的服好的服才得更多的客奥迪4s店的态度都这样傲慢？
1|0|0|doc10033-1|果断的宝马x1，奥迪a1现有款都是两门的，上下车及其不方便，空间也太小，腿伸不开。
1|0|0|doc10143-1|起亚车动力真无法与日本人的尼桑车相比，提速还是有着很大的延迟。
1|0|0|doc10226-1|audi的服务意识真tmd的差劲。
1|0|0|doc10247-1|我近年对奔驰很失望，售后不如宝马，操控不如奥迪，性价比不如大众，我说的不全对，纯属个人意见。
1|0|0|doc10255-1|定价不合理，经典款式供应不足，刻意制造短缺。
1|0|0|doc10492-1|丰田的设计师就如此缺乏想象力吗？
1|0|0|doc10538-2|还有后面撅着的尾巴，已经过时了。
1|0|0|doc10628-1|大多款不比陆虎便宜啊，有一款的官方报价竟然是388万。
1|0|0|doc10643-1|就你这服务态度不倒闭是老天瞎了眼！！
1|0|0|doc10650-1|起亚爱积碳，居然还说出来油耗高、动力差这个是事实，居然还赖在市区低速行驶
1|0|0|doc10718-1|车主投诉聆风电池老化过快?
1|0|0|doc10766-1|大众汽车是没有诚信且傲慢的企业，这样一个漠视客户，懒惰并只在乎赢利的企业，必将受到市场的惩罚！
1|0|0|doc10836-2|大形势下，日系冷淡，正常！
1|0|0|doc10904-1|一部奔驰一年两次大保养均价一万五大约三次小保养均价三千还有七七八八的零件更换两万好贵好贵德系保养最贵奔驰最低宝马奥迪居中不过小毛病多以及带t（涡轮）的烧机油
1|0|0|doc11030-2|贵阳贵和本田，曾经门庭若市，店外随处可见“全国销量冠军店”横幅，店内上下热闹非凡；
1|0|0|doc11035-1|哈哈，服务来说雷克萨斯ok的奥迪4s店的态度都这样傲慢？
1|0|0|doc11066-1|自打买了车，前后左右邻居都唱衰我，这个说transmission不好，那个说车大排量小加速感不够，还有说颜色不好看，外形丑，竟然还让一个菲律宾大叔笑话说买贵了。
1|0|0|doc11104-2|这4s店也真变态，只能选高配，定车等4个月，还要加价两万，当神车卖啊，严重鄙视！
1|0|0|doc11140-1|可惜品牌影响力实在太差。
1|0|0|doc11143-1|或者我拿沃尔沃的xc60跟你换个奥迪r8的，沃尔沃的太小气了不够大。。
1|0|0|doc11244-1|木有天理，昨天去熊猫4s店控诉其14.4高油耗，并且痛斥1.3排量自动档跑不过0.8手动档比亚迪时，工作人员居然很淡定地说：'你这款车的确动力小了点，油耗高了点，但你说的一切都是正常的。
1|0|0|doc11254-1|通用的v8引擎没可能在中国普及的，因为排量实在太高，税交不起啊别克有v8的么？
1|0|0|doc11265-1|byd的策略根本就是有问题，为了圈钱，不是为了造车……
1|0|0|doc11304-1|估计又是个根本不省油的混合动力车……
1|0|0|doc11304-2|对除了福特之外的非泥轰车厂做的混合动力车毫无信心这套混动因为太保护电池，所以限制条件相当多，特别是夏天，基本不可能参与工作。
1|0|0|doc11319-1|用了东风日产原装电瓶二年多一点，电瓶就鼓起来发不动车了，只能又换，日产配件质量太差
1|0|0|doc11352-2|别克4s店的销售，态度差，又牛皮哄哄的，车没高6好，把英朗都能吹上天。
1|0|0|doc11381-1|比亚迪核心业务前景遭质疑-华尔街日报姐早就说了，千万不要买他们家的车子.
1|0|0|doc11419-2|可惜系大众旗下我不喜欢！
1|0|0|doc11481-1|速腾内饰也不好看。。
1|0|0|doc11617-1|没想到奥迪a4这个在中国卖的火的不得了的车，其实不堪一击～～美国最新的汽车碰撞试验
1|0|0|doc11637-1|个人比较讨厌开别克的，因为经常发现别克大白天的开着车灯甚至远光，每次被晃发现又是个别克，心中一万只羊驼奔腾，最近在上海各种原因各种机会开了各种别克，才发现原来几乎都是特么自动开灯的，别克的设计师大概都是偏远山区出来的吧，默认不是自动会死啊
1|0|0|doc11659-1|本来嘛，奥迪就在中国火了一把，在国外就是跟大众、别克一样的档次，而且小毛病又那么多~
1|0|0|doc11660-1|同为豪华车“bba阵营”，奔驰的销量绝对值和相对增幅，都远远落后于对手。
1|0|0|doc11798-1|不过大奔动力还不如这别克，所以说，买啥车别买低配。
1|0|0|doc11822-1|当然，国内各大城市中，车风车德最差的，无疑非奥迪a6莫属。
1|0|0|doc11824-1|比亚迪回复玻璃本性，没有默德萨克是最大败笔
1|0|0|doc11827-1|分享图片三选一，我最喜欢这台红色的雪佛兰，外观大气，空间大，中控台超有fell，我不喜欢丰田卡罗拉，老爸你要相信我的眼光，雪佛兰科鲁慈保值率高啊
1|0|0|doc11854-1|我跟老爸商量买车的事情，我选了即将发布的encore，别克君越和大众图观，最后我爸还是劝我买图观或凯悦，因为encore的新设计不符合规范，而君越不适合我这个档次的男生
1|0|0|doc11939-1|新览胜的灯更是无力吐槽
1|0|0|doc12080-1|出事了才觉得日本车确实不好。
1|0|0|doc12131-2|奥迪q7对我来说是个恶心的车除了开车的人舒服就没有让人舒服的地方！
1|0|0|doc12295-5|底盘厚实度差一点，前门板扶手太短，整体舒适性不敌polo。
1|0|0|doc12315-1|亲身体会，上海大众无论是产品质量，还是售后服务质量，都比一汽大众差！
1|0|0|doc12318-1|奔驰甲醛超标，宝马生锈，奥迪烧机油，于是我们可以知道：只要是量产商品就没有完美品。
1|0|0|doc12478-1|对大众汽车的前脸非常的审美疲劳，福特蒙迪欧和雪铁龙的设计让人耳目一新！
1|0|0|doc12593-9|赵本山说：车到山前必有路，可惜丰田刹不住！
1|0|0|doc12774-1|D1384-----欧美研发那么多年，技术很成熟，人家不批量生产，居然在中国这个发展中国家制造
1|0|0|doc12784-2|强烈鄙视日产车商，今天路上这么拥挤，脑残日产车商东风尼桑启辰…
1|0|0|doc12835-1|奥迪的大嘴更大了。
1|0|0|doc12954-2|坑爹的东昌福特4s，明明坏了一根皮管，竟然忽悠我换进气歧管总成还好没上当。
1|0|0|doc12960-1|买过之后保养你才会发现，保养和到医院看病是一样，这个搞不搞随便你，搞了肯定好点，但你不搞，出了问题我们不负责任，尼玛，日产的，你还有的良心不。
1|0|0|doc13087-1|奥迪的吉普中看不中用~苦逼的赶路孩子只能窝在最后座的小小空间里~
1|0|0|doc13149-3|再看看我国的比亚迪，吉利，不是气囊不会爆，就是车头灯进水，总之做出来的产品惨不忍睹。
1|0|0|doc13488-1|上坡别跟汉兰达，下坡躲着凯美瑞、、日货啊
1|0|0|doc13617-1|中间还来个日产，看着就来火。
1|0|0|doc13620-2|奇瑞汽车下线了这是结果，而不是奇瑞委屈的到处说自己一腔热血工业报国无门。
1|0|0|doc13638-1|车问网已经发布《“健康汽车”检测报告》，11款主流车型存在致癌风险。
1|0|0|doc13679-1|然而年上半年，日系车在中国的市场份额已经降至22.3%，位列第二，前景堪忧
1|0|0|doc13679-2|丰田混动虽然大举进入中国市场，但其攻势却面临多重现实难题，因核心零部件不国产，加上政府补贴政策迟迟未能出台等因素，导致混动车型售价高企，在华销量计划也未能大幅。
1|0|0|doc13735-2|以前那别克可是小毛病不断，保养费还死贵，不到2年排气管消音器就坏了，4s店换个1500多元，6年下来换了3个。
1|0|0|doc13838-1|草，什么技术感…
1|0|0|doc13838-2|鄙视奥迪的销售人员，吊的很（总觉的自己的车不怕卖不出去，不看看现在的市场经济！
1|0|0|doc13857-1|烂别克！
1|0|0|doc13907-1|什么媒体吧，奔驰当保时捷，奥迪成了路虎，业务水平也就这样还去质疑别人，吃饱了撑着，富二代不能为国家服务？
1|0|0|doc13920-1|福特把欧美适用的设计拿到东方给部分人带来不便自己换支撑杆吧童鞋们，这是哪家汽车厂商设计的，太糗了吧！
1|0|0|doc13942-1|欧洲车市不好，不过竞争依然激烈。
1|0|0|doc13946-1|王传福过于沉浸在业绩的光环中，缺乏了后续的创新，使得比亚迪跌入过于依赖单一车型的窘迫局面，导致销量和利润没有支撑点。
1|0|0|doc13983-1|我又开上一辆l1.5的手挡车，起步不给力…
1|0|0|doc14055-1|automotivenews9月25日的新闻china''sautomakersfindnewsuccessatmakingbettercars狂吐槽中国自主品牌，尤其是吉利，大爆其熊猫完全copy丰田在欧洲的车型aygo，而且还偷工减料，不考虑安全，被批得体无完肤！
1|0|0|doc14134-1|对雪佛兰4s店的各种坑蒙拐骗已经失望之极，3万公里告诉我轮胎跑偏，并且已经磨平，得换胎，4条都得换
1|0|0|doc14207-1|蓝驱和奔驰的blueefficiency相似，内容宽泛，概念模糊。
1|0|0|doc14233-1|丰田就更惨啦
1|0|0|doc14233-2|日产停系因为产能过剩遮.
1|0|0|doc14245-1|红色的很嗲，白色敞篷的也喜欢的~
1|0|0|doc14277-1|加达雪佛兰的销售们显然很缺乏这点，散漫业余，拉黑！
1|0|0|doc14323-1|如果此条新闻为真，傻逼丰田离关门儿不远了……
1|0|0|doc14323-3|丰田这帮傻逼，你们坑害了你们在地球上最大的客户群，中国客户。
1|0|0|doc14475-2|比亚迪要倒闭的，垃圾企业，家族式管理，狂妄自大吹牛皮却又没什么水平（管理水平，技术水平）。
1|0|0|doc14507-1|话说奥迪在这部电影的广告打得真失败，剧中最长的一段飙车戏，居然是一宝马和一路虎，宝马废了后，广告商的q5上镜，q5放在路虎旁边就像姚明旁边站了个郭敬明。。。
1|0|0|doc14581-1|别克看着胖，不好看。
1|0|0|doc14630-3|但在系统实施中发现byd功能与售前顾问的说法严重不符，而且售后顾问也很明确byd就是一个标准软件。
1|0|0|doc14636-1|后来一查是涡轮进气口松动，虽然不算大问题，也不会诱发重大事故，但这种低级错误着实不应该出现啊。
1|0|0|doc14636-2|#口碑分享#蒙迪欧-致胜车主口碑截取：装配的比较糙，首保做完拉高速时居然提示发动机故障，当时是160km/h的速度，想吓死人啊。
1|0|0|doc14646-1|今天来到起亚4s店做保养第一感觉就想买车不过隔壁的斯巴鲁销量好像很惨淡啊……
1|0|0|doc14686-1|已经对奥迪a4l失望之极，无缘无故刹车油管会破裂的，已经第三次刹车失灵了，还不算在质保范围内~
1|0|0|doc14731-1|丰田如此极其不负责任的行为，将直接造成国内的某些人会蒙受严重损失，是要破坏中国内部统一的反日口径。
1|0|0|doc14804-7|北汽太丢国产车的脸，上周末跟北奔工厂一小领导吃饭说奔驰国产车别买。
1|0|0|doc14838-2|可是我的车目前还没有给我任何回应，我觉得雪佛兰不仅是服务态度，这个公司的诚信都有严重的问题。
1|0|0|doc15095-1|大家睇下这个视频，日本车是如何偷工减料的。。。
1|0|0|doc15095-2|保险杠，劣质胎，焊接车门，垃圾悬挂系统，没有刹车优先系统，同德国车形成鲜明对比
1|0|0|doc15135-1|奔驰在中国的问题错综复杂，论政府关系不如奥迪，论品牌个性不如宝马，论性价比不如日系，再加上经销商问题迟迟处理不好，导致现在的状况就不奇怪了
1|0|0|doc15224-1|吉利比亚迪长城伪军三贱货！
1|0|0|doc15256-1|个人感觉比亚迪速锐推广广告相当失败！
1|0|0|doc15331-1|福特车好费油好费油，路好堵好堵，想回家可怜的小思乡情节又来了
1|0|0|doc15525-2|13000公里发动机就渗机油，销售员还神吹什么欧宝发动机，狗屁！
1|0|0|doc15575-2|难怪日系车那么脆弱……
1|0|0|doc15664-1|从斜上方看，奔驰ecoupe这个冒充e级车的款型真是臃肿到看不下去，那个amg包的造型都是神马啊，把自己当九十年代末起亚么…
1|0|0|doc16023-1|今天看了起亚的k3，说真的，有些小失望~~~不是我喜欢的风格~~~
1|0|0|doc16042-2|其它方面包括独立悬挂，车门焊接，等都减配严重。
1|0|0|doc16128-2|丰田呢，车款辆辆千篇一律，没点儿新鲜感，车的质量也不咋的。
1|0|0|doc16249-2|看到福特锐界2.0t，才豁然开朗起来，原来什么途观，指南者，汉兰达都是浮云啊...
1|0|0|doc16472-1|又是比亚迪电动出租车，技术尚不成熟到底存在多少安全隐患
1|0|0|doc16481-1|隔离场的日产，起亚，也一个鸟样__
1|0|0|doc16612-2|约70km/h速度入弯侧倾明显，凹凸路面较颠簸.
1|0|0|doc16638-1|丰田电动失败！
1|0|0|doc16680-3|17万的传祺几乎全方位比不上11万的本田锋范。
1|0|0|doc16680-4|做工粗，处处手感糙，椅子硬，顶着腰子，隔音差。
1|0|0|doc16680-5|2.0的比锋范1.5的动力还差一截，换档顿挫感明显。
1|0|0|doc16765-1|对雪佛兰4s店的各种坑蒙拐骗已经失望
1|0|0|doc16778-1|日本车还是不行啊！
1|0|0|doc17105-2|奔驰怎么能够推出这种不成熟的产品？
1|0|0|doc17232-1|mg3太冷门了。
1|0|0|doc17242-2|这日本车真tnnd贵。
1|0|0|doc17338-1|丰田你傻b了吗？？
1|0|0|doc17343-1|就雪佛兰这破车...
1|0|0|doc17453-1|就是推广不行，并且没有将运动基因贯彻到底，如果是，也许卖得更好。
1|0|0|doc17510-1|这些导航甚至远远不及10万块国产小车的导航好用。
1|0|0|doc17510-2|不好用的导航仪配上别说11寸屏幕，就是配60寸平板也是扯淡啊！
1|0|0|doc17510-3|5系宝马和奥迪a6的导航基本做的差不多，输入麻烦极了，麻烦到你看着导航仪不想用的程度。
1|0|0|doc17535-1|破丰田4s。
1|0|0|doc17608-1|开丰田不安全了。
1|0|0|doc17699-1|坑爹了，我轻轻的一吻丰田车，你丫直接保险杠掉了。
1|0|0|doc17809-1|奇瑞真没怎么抄过，看看长城比亚迪抄袭和假冒才是我们的特长，创新那是扯淡！
1|0|0|doc17966-1|通用的车不靠谱！
1|0|0|doc18017-1|呼吁良心车企唤醒黑心4s店维修才是最大的黑幕：一个朋友的#比亚迪f3#后杠被磕了一个小坑，北京某比亚迪4s店竟然喊出1880元的吉利数字，他们为什么不索性喊出8888元呢？
1|0|0|doc18288-1|这可以说明日本车为什么省油了，就因为偷工减料后车子轻了，别无它方！
1|0|0|doc18354-1|至于a4l和q5的低配么有后排空调出风口，我认为那纯属一汽奥迪故意恶心消费者的做法，不就是换一套扶手箱吗，去淘宝买原厂件改了，能用2k吗……
1|0|0|doc18416-1|眼镜蛇跑车想当年可以称为无敌的车当年出产的时候他是除左拿来开咩功能都没，没音响，没收音机，没空调，唯一的用处是奔跑无语比的速度后来出了太快撞死人得事情出左5000台就停产了公司就给福特收购了！
1|0|0|doc18430-1|在北京这种塞车严重的路况下，大众的蓝驱在经济性上无法和丰田混动相比，维修保养成本高，dsg的可靠性也是个问题。
1|0|0|doc18641-1|汽车空调不会冷..
1|0|0|doc18641-2|显示屏死机，倒车雷达经常误报.
1|0|0|doc18641-3|09年12月底买的奥迪车，用了2年多以来出现各种毛病。
1|0|0|doc18641-4|多媒体中控台死机坏了没法用(那时在保内给我们更换了).
1|0|0|doc18700-1|雪佛兰车靠不住啊！
1|0|0|doc18700-2|难看的车标和有自燃的习惯，我亲眼所见的就有两辆（科鲁兹和景程），这有一辆上演了……
1|0|0|doc18794-1|现在特不喜欢别克车，特别是宝石蓝的别克君威，不知道为什么。
1|0|0|doc18814-1|日本车实在太软了，现代的士几乎没事，丰田两个前轮一个飞了，一个彻底变形，全部废掉。
1|0|0|doc18850-2|丰田没路刹不住，本田就怕手指戳，一戳马上一个窝，尼桑铁皮更是薄，开关车门都哆嗦。
1|0|0|doc18876-1|比亚迪的炒作太低端了，就为炫遥控这个功能，尼玛海归还开比亚迪？
1|0|0|doc18926-1|声讨安信丰田，强烈保护我们消费者权利！
1|0|0|doc18926-2|这样的黑店，完全已经失去了客户的信任，根本就是一家不达标的店，明明轮胎有问题还要销售给客户，非常不道理的行为，建议把店关了算了！
1|0|0|doc19095-2|换个造型换个涂料就f18的强劲对手了抄外观都会抄！
1|0|0|doc19228-1|槽点太多，不忍直视。
1|0|0|doc19300-1|试了试电脑才发现大众4s店还是比不上奥迪的.....
1|0|0|doc19457-1|现在的宝马无语喔！
1|0|0|doc19457-3|全世界都知道德国车可靠性差，就中国人相反。
1|0|0|doc19457-4|有些国产车可靠性更差，也没发现生锈的啊，还是宝马质量把控得问题1系还没国产呢，和国产还是进口没关系。
1|0|0|doc19641-1|说抵制日货的人是不是太片面了，一汽还有日货呢，现在丰田本田除了纯进口的，其他都是合资的，谈什么抵制啊，那啥也不能够同意啊。。。
1|0|0|doc19685-1|宝马比丰田贵，而且再一次证明了素质普遍低下的愤青伪爱国人士智商也不高。
1|0|0|doc19730-1|我现在特烦丰田车和本田车。
1|0|0|doc19730-2|这两种车在路上普遍都不老实，路线诡异，思维方式异常，透着一股子邪劲！
1|0|0|doc20193-1|左边比亚迪车差人品更差，右边奥迪仗着没牌嚣张至极！
1|0|0|doc20226-1|因挡风玻璃价格比较昂贵，车主苦不堪言。
1|0|0|doc20256-1|还有就是大众奥迪的车太残了！
1|0|0|doc20282-1|想笑，环保的快来啊真他妈丢人那东风本田是尼玛国产好吗？
1|0|0|doc20346-1|销量下降的不只是日系车，奥迪、宝马、奔驰等名车以往都要加价提车，现在动辄降价几万、十几万说明销量也低于预期。
1|0|0|doc20386-2|过度接近的前脸设计，看细节都不容易分辨，跟宝马起亚的设计有很大的区别
1|0|0|doc20501-1|熊宝，去看下#雪佛兰科帕奇#白色还是黑色好看，途观的口碑实在是不尽如人意。
1|0|0|doc20597-2|但现在开丰田车上路，却成了极大的安全隐患！
1|0|0|doc20652-1|日本车还是不行啊!
1|0|0|doc20842-1|我相信你的车技，搞死卡宴你们~卡宴还是很强悍的，撞不过它，我的小4伤痕累累了，要进4s店了~我们左右夹击一定要撞撞他！
1|0|0|doc21014-1|日产太不靠谱了，纸一样的品质，这不是第一次了，防撞钢梁用泡沫塑料，天花板填充包装箱纸，这次又这样，不知道这个负面应该怎么撤除啊！！！
1|0|0|doc21081-2|非独立悬挂，无底盘防腐涂层，脆弱纤薄的后桥，粗糙的裸露的封胶！
1|0|0|doc21131-1|比亚迪，不踏踏实实做产品，无脑的搞事件炒作，但你能不能策划好点啊，但由于策划拙劣，痕迹明显，演员雷人，真是让人作呕！
1|0|0|doc21224-2|这台新款起亚索兰托2.4，据车主反映起步不算十分给力，最为不满的是高速提速十分吃力，110速超车必须将挡方可，过120时速后提速很慢。
1|0|0|doc21348-1|小别克前挡都凹了。
1|0|0|doc21380-1|我的宝马118i生锈了，你说怎么办？
1|0|0|doc21380-2|现在这已经不是单车问题了，1系、3系全都生锈了，你们车还想不想卖了能尽快给个答复吗？
1|0|0|doc21420-2|车不能看性价比的，奥迪等车是王道，像菲亚特这种车不禁撞，前一段时间上海一辆菲亚特被酒家车撞飞，车里人很惨。
1|0|0|doc21433-1|巴菲特当时看好比亚迪的电动动力这块，但高估了比亚迪汽车的品牌，汽车业务拖累比亚迪的业绩持续下滑，导致高管对比亚迪前景看空，从而疯狂套现。
1|0|0|doc21490-1|“速腾+宝来+朗逸+捷达+桑塔纳”加起来一个月卖10万辆很显然是有问题的
1|0|0|doc21542-1|恶心的一汽大众，自己旗下不是有一汽丰田和一汽马自达，有种宣布终止合资啊！
1|0|0|doc21643-1|讨厌起亚
1|0|0|doc21730-1|去他妈的通用雪佛兰迈锐宝等轿车
1|0|0|doc21774-1|现在网易各种窗口广告极其烦人，极其闹心，最可恨的是那个加多宝，明明上面是个叉，点了立马蹦出福特汽车的广告，有你们这么糊弄父母的吗？
1|0|0|doc21874-1|我不喜欢丰田！！！！
1|0|0|doc21931-1|别克新君威的质量真是要命啊！
1|0|0|doc21960-1|根本就是设计缺陷，日产很多车后面保险杠都省掉的，再整体省一下其他看不见的架构，正常正常
1|0|0|doc21969-2|沃尔沃觉得6at比较适合城市道路，技术成熟、与发动机更匹配沃尔沃怎么不用双离合了？
1|0|0|doc22015-2|被告知越野性能不如普拉多。
1|0|0|doc22021-1|前面的丰田被撞的安全气囊都震出来了，被撞的程度反而我们轻，丰田严重，以后还是努力挣钱买个好车提升自身安全。
1|0|0|doc22056-1|一汽大众也不是什么好鸟，dsg变速箱的问题不也还没有解决？
1|0|0|doc22147-1|慕尚到手开了总共不到1小时，先说一点不足：倒车雷达pdc和其他欧陆gt一样，只能在倒档的时候才自动开启，蠕行前进时必须手动开启。
1|0|0|doc22171-1|亲历一场撞车，千万别买日韩车，车头撞个稀烂，前面的奥迪q7就擦破点痕。
1|0|0|doc22186-1|大众汽车像它的名字一样不愧是低端车世家！
1|0|0|doc22311-1|这台新款新款起亚索兰托2.4，据车主反映起步不算十分给力，最为不满的是高速提速十分吃力，110速超车必须将挡方可，超过120时速后提速很慢。
1|0|0|doc22467-1|同样在用拉皮，压扁，葫芦娃的方式制造“全新”产品，苹果在今晚受到前所未有的吐槽，那么大众汽车是不是可以去shi了，人苹果好歹拉皮不加价呢，亲！
1|0|0|doc22543-1|后排略显不足.
1|0|0|doc22543-2|低档中噪音比较大.
1|0|0|doc22543-5|驾驶体验：热车后开空调起步动力不足.
1|0|0|doc22583-1|结果坐在后座的锐冒出一句:奥迪车不好，爸爸妈妈我们换辆电动车吧.
1|0|0|doc22598-1|活脱脱一个雅尊，我觉得本田这代要继续走下坡路了。。。
1|0|0|doc22619-1|由于油门踏板和脚垫、刹车系统出现问题、油管存在漏油风险的原因，丰田多次召回其在全世界各地的车辆。
1|0|0|doc22638-1|开过大众，开过福特，开过松花江，两万块钱的车，真是难开。
1|0|0|doc22678-3|现在发现了一个规律，你在路上看到的奔驰一般会比宝马要贵。
1|0|0|doc22786-1|日产天籁更是刺鼻恶臭，如果夏天中午开车，估计一般人十分钟就要晕倒了。
1|0|0|doc22804-2|宝马生锈门；
1|0|0|doc22804-4|福特和三菱漏油门。
1|0|0|doc22804-5|近期豪华品牌接连爆出负面新闻：奔驰电池门、致癌门、发动机异响抛锚；
1|0|0|doc22822-2|朋友借的纪念版mini，小王说开着不是很爽，在上海一直被加队，小王实在驾驭不了这中看不中用的车。
1|0|0|doc22833-2|没错，太高档的车汽油标号要求也高，维修也不好找地儿，太不适合去西藏了。
1|0|0|doc22843-2|一看老子就会想起奇瑞qq切难看...
1|0|0|doc22878-1|我x，日产真是坑爹，今天刚刚上市的”启辰“和老骐达几乎一模一样，而且价格最高才8万，让老骐达的车主们情何以堪啊~还好车子卖掉了，再也不买日本车了，干
1|0|0|doc23066-1|我最讨厌的一款日产车，斯巴鲁，意思就是骂我们中国人，“死八路”！
1|0|0|doc23131-4|只买过一次好朋友公司的美国福特，日本车从来没买过，车皮太烂！
1|0|0|doc23304-1|反正小毛病真的好多，下一辆车肯定不会考虑奥迪这个
1|0|0|doc23304-2|我作为奥迪车主两年来的体会，多媒体死机统统换了，显示屏死机，倒车雷达经常误报，现在连发动机燃油泵也坏了。
1|0|0|doc23331-1|比亚迪这样来做广告就有点过了，藐视法律，低级的炒作方式！
1|0|0|doc23366-1|别克也不过如此
1|0|0|doc23443-1|一朋友老板的车才3年，雪佛兰的，买时候20多万，手动挡，现在档位要修第二次了，罕见的病，再修一次说就不能修了，要卖掉了说，运气真背
1|0|0|doc23451-1|上次和一个美国学生一起上路，他坚持要租一辆绿色的起亚，避震很差，一路上就像坐上了按摩椅上下不停。
1|0|0|doc23462-1|后面那个红别克（有点远，没看清）mm貌似没睡醒吧，把前面的雪铁龙给追了，结果冲击力让雪铁龙把前面的路虎（没看太清楚好像是）给追了，结果雪铁龙悲催了，前凸后翘了。
1|0|0|doc23553-2|世爵本身的动力研发能力较弱，主打车型c8的4.2lv8发动机购自奥迪，最大功率为406马力，在超跑中成绩平平。
1|0|0|doc23566-1|看来长城的刹车问题很严重啊，难怪当年于虎在广播里面骂长城的刹车骂了小半年
1|0|0|doc23568-1|霸气评论各种亮点，这奥迪q7看来是掉价了。。。
1|0|0|doc23583-1|速递：奥迪展示电动双涡轮增压技术-电动涡轮技术其实原理很简单，而且实现也不难，但可靠性和能源供给一直都是个大问题，不知道奥迪这次的尝试会是什么结果！
1|0|0|doc23592-1|丰田极力推荐的混合动力车型反而在中国没多少市场。
1|0|0|doc23597-1|福特地盘是不是会留有硬伤呢？
1|0|0|doc23615-1|比亚迪遥控汽车营销手段实在太恶心了让他们得瑟着吧！
1|0|0|doc23735-1|1高端聚焦#作为少有的翻灯的宝马，8系可谓开拓创新了，只可惜叫好不叫座，最后还是停产了，被6系取代……
1|0|0|doc23772-1|扔了那破奥迪、我法拉利和阿斯顿马丁、随便挑~带我去兜风~！！
1|0|0|doc23793-1|奥迪的涡轮烧机油，奔驰的涡轮渗油，宝马的涡轮还没有经过广大劳动人民的考验。。。
1|0|0|doc23828-1|但是君威整个车头都拱起来了。
1|0|0|doc23876-1|哥准备去买个小车车，丰田太贵又是日本车所以不考虑，其它还有什么日本牌子的车？
1|0|0|doc23890-1|谷歌无人驾驶汽车的成本异常之高，每辆甚至超过了30万美元，远远贵于一辆法拉利。
1|0|0|doc23946-2|一汽、上汽，这两个老字号的国车品牌，这么多年也真够怂的。
1|0|0|doc23967-2|我就不信了，奥迪哪个级不都是有比之相当或更好的选择
1|0|0|doc24052-1|担心你们家的车吧2.8排量还是别克烧油比我厉害100倍快去买电瓶车~奥扫坑爹！
1|0|0|doc24094-1|比亚迪怎么老出这种没水准的事，对用心打造品质这面旗完全是反作用，内部是不是有间隙
1|0|0|doc24100-1|奔驰已经彻底靠边站了
1|0|0|doc24218-1|别克和比亚迪两条视频没给品牌产品加分，反而给海归女下了定义：胸大无脑乱开车就算是为了突出新功能也不能如此脑残吧。
1|0|0|doc24229-1|奔驰1.8t机器涡轮漏油是必然的，是常态的，国外已经大量原厂召回更换了，国内终于也开始了，此次涉及的车辆型号有：m271evo发动机均为1.8t四缸涡轮增压缸内直喷（cgi）发动机。
1|0|0|doc24275-1|垃圾的雪佛兰ssss，坑爹的保养价格，还忽悠你随便让你换东西，动辄上千的小保养价格，你妹呀，出了质保还会有谁到ssss保养?
1|0|0|doc24290-1|还有个内幕，雷克萨斯在日本跟丰田一个价，在中国成了高档车。
1|0|0|doc24290-2|日本丰田总部展厅，傻逼小日本很阴险，很多车型留着自己用，一些车型在日本卖不动就卖给中国，还做减配和廉价零件等手脚降低售价，汉兰达在日本不生产，因为性能不行！
1|0|0|doc24338-1|奥迪把车从他那里召回吧，太丢人了，影响品牌形象…
1|0|0|doc24402-1|昨天的事故照片，因为前面一辆奥迪追尾货车，停在道路中间车道，那个车道的飞度看到有车，突然变道到旁边逍客和皇冠所在的车道，逍客急刹，皇冠急刹，来不及了，3车追尾，皇冠在最后，全责，但是主要原因是奥迪没打双跳，没放警告标志，停高速中间，飞度随意变道，还有就是日本车真tm不经撞
1|0|0|doc24485-1|还好昨天下午卖掉潍柴动力，今天买入了四环生物，本来是要买比亚迪的，只是下手太慢，就没继续下手了....
1|0|0|doc24569-1|奇瑞冒充雪佛兰，好歹你也上进一点啊…
1|0|0|doc24691-1|朋友想支持国内品牌、买了上汽的荣威350、车内味极重、儿童上去即会睡着、店说好好去味、半年会好、各种方法除味、仍不好、只有卖掉。
1|0|0|doc24706-1|我说我不喜欢本田。
1|0|0|doc24753-1|这个福特也有其实v60倒是一般，毕竟我不是很需要旅行版。
1|0|0|doc24818-1|亲身经历相对其它车：大众，丰田，日产算是好的了，反正新车味都大，要不断通风，新车开始一段时间我都不敢让儿子上车。
1|0|0|doc24853-1|我想说的是全世界最烂的车就是奥迪了，这个质量真的让人无语.
1|0|0|doc24853-3|之后的问题真是不断，空调不会冷，大热天开开奥迪还得享受奥拓的待遇手拿扇子一个劲的扇..
1|0|0|doc24899-1|马路上乱开的排名第一的当仁不让就是马六，我几乎没看到过一部马六是规规矩矩开车的，排名第二的是各类高档跑车
1|0|0|doc24899-2|从我这几年在马路上看到的情况分析，改装（包括贴纸）最多的5座轿车（运营车辆不算）应该是雨燕，几乎没有一部雨燕是干干净净呈现原厂状态的，排名第二位的是三菱的翼神，都把自己当evo。
1|0|0|doc24924-1|停车在别人车库门口，这类缺德的事情怎么总少不了你们丰田，特别是凯美瑞，不是我针对你们，是你们自己不要脸我在:
1|0|0|doc25009-1|反正神马砸日系车，破坏自己族人靠血汗钱换来的东西这种行为太愚蠢，不买纯日本进口的日货才是真其实我转的时候不是因为日本，而是比亚迪抄袭雷克萨斯外观真蛋疼。。。
1|0|0|doc25020-1|哥么们还有什么车可以可以选择的过半个月准备去订尚酷给我纠结下我怕到时候买了看到一个没注意看的冷门车价格大概就尚酷2.0tsi顶配或2.0d-link奥迪tt有想过由于老爸不赞成说外形太女人了不够man否决了！
1|0|0|doc25031-1|看到天籁那恶心的屁股就想踹进去我在#麦当劳(乐清虹桥时代店)#
1|0|0|doc25119-2|但是重大缺陷就是低速状态下前后顿挫感严重，高速还比较平顺，开到90迈车子也感觉有点飘。
1|0|0|doc25164-1|雷克萨斯es“断轴隐患”-帕萨特-帕盟对丰田车渐渐失去信心啦！
1|0|0|doc25188-1|目前，每年途观车型在美国的销量只有不到30000辆，很有可能是因为腿部空间和载货空间狭小，相比同级别的本田cr-v和丰田rav4车型并不占优势。
1|0|0|doc25193-1|奥迪也tm一个样
1|0|0|doc25193-3|但这不是最悲剧的''最悲剧的是途安和夏朗''完全就是一个车嘛''答中的设计师都死光了吗？
1|0|0|doc25273-1|绝对是比亚迪的炒作且一点不入流！
1|0|0|doc25273-2|这个所以的高科技，绝对是不计后果的炒作和社会安全隐患，比亚迪应该意识到，趁还没有出大事，严重请求其取消这个可怕的功能。
1|0|0|doc25285-1|从九月一号高明实施新废气检测以来，无论过万块的雅马哈还是其他任何车都无法过线上牌入户，唯独是五羊-本田全线产品达到免检免过线标准，顿时觉得优越感无限，一定要在这个上面做文章。
1|0|0|doc25334-1|虽然这款车丰田出的叫harrier（鹞）但是它并不是高性能也不会飞。
1|0|0|doc25415-1|别克新君威2.4的车子开了才两年，行驶了2万1千多公里，今早水温表居然晃动，显示不正常了，之前开十万不到的车子开了十年都没这种问题，别克太垃圾了！
1|0|0|doc25441-1|这些奔驰奥迪红旗作出租车不仅油耗高维修贵，对于城市的拥堵也有着较高的贡献率.
1|0|0|doc25729-3|新款的不管是a6还是a8我个人都觉得没有老款好看，显得小气。
1|0|0|doc25754-1|奥迪a8l的底盘那么底，没有想到被我蹭了一下，还是得买越野！
1|0|0|doc25934-1|大众汽车只是费迪南德?保时捷按照希特勒纳粹政府的要求，“奉命兴建”的一个廉价汽车品牌！！！！！！！！！！！
1|0|0|doc25953-1|中南汽车世界吉利天吉4s店打出的标语让对面的东风本田颇有压力
1|0|0|doc25978-1|现在是求质量、上档次的时代，而比亚迪想以量取胜，在制造大量垃圾，不彻底改革，不提高质量，死路一条。
1|0|0|doc25987-1|破车比亚迪人为的一个秀。
1|0|0|doc26036-1|日本把垃圾车买到中国谋财害命：又一起德日对决，奥迪a4完胜丰田佳美！
1|0|0|doc26036-2|这么轻的擦碰丰田都会断轴（而且是老款原装进口的），看来日系车的质量真的差到家了！
1|0|0|doc26040-2|参观上海大众装配流水线，感觉与底特律的福特流水线差不多，但参观全过程感受差很多，大众的参观收听设备真不咋样。
1|0|0|doc26060-1|嘉兴雪佛兰很操蛋的，我的乐骋，在保修期内发现一个缸缺火，4s直接复位报警，不给处理，还信誓旦旦的说没有问题，今年出保了，报警又出现了，他们就说发动机出问题，要解体检查，我草泥马啊，在保的时候有问题不彻底检查处理，出保了就使劲宰人，太差劲求建议
1|0|0|doc26210-2|日系车虽然省油，但太轻，一撞就散了。
1|0|0|doc26248-1|起亚的车开起来不舒服丫！
1|0|0|doc26255-1|福特真不要脸，拥有过的品牌，都要把人家的精髓抄来！！！
1|0|0|doc26378-1|开这种车的人大多没素质。
1|0|0|doc26425-1|既然说了要操控强，很显然后驱的x1sdrive，xc602.0t是前驱，奥迪现在性价比太低，而且就途观弱小版，
1|0|0|doc26534-1|话说图片上阿斯顿马丁式的大嘴很销魂，可视频里实际整车效果有点差强人意的感觉，缺少些新鲜感。
1|0|0|doc26565-1|（车开太快了来不及拍照，反正比三菱的跑车型还丑。
1|0|0|doc26565-2|今儿看见一别克车，车主硬生生把它改成了跑车模样，这就是吃饱了撑着，闲的蛋疼！！
1|0|0|doc26593-2|在那些华丽的宣传后面，日本品牌国产汽车的品质存在极大的隐患。
1|0|0|doc26711-1|车身轻，很容易飘移了。
1|0|0|doc26711-2|比亚迪的车质量肯定有很多问题，前几天去丽水高速上遇到两辆s5都撞得面目全非。
1|0|0|doc26732-2|兴庆内外车行如龟，司机烦躁。
1|0|0|doc26750-1|奥迪现在开的人多了a4a6素质也不咋地；
1|0|0|doc26861-1|维修厂里的维修工艺与威龙丰田正规4s店的维修工艺有较大差距；
1|0|0|doc26861-2|x1方向盘油门都很重，不适合女士开，对极光无语，顿挫感很强，不过底盘不错。。
1|0|0|doc27060-1|额开奥迪的技术不行的哇追你妹啊！！！
1|0|0|doc27133-1|现实版案例：比亚迪过去的三年遭遇剧烈震动，利润缩水九成，汽车业务萎靡不振，it代工出现严重下滑，全国各地产业园区数百亿元投资无法收回，所有的辉煌瞬间化作梦幻。
1|0|0|doc27159-4|后来看标志508，大众新迈腾，别克新君威，标志508法式浪漫，外形很多认说优雅好看，但我着实不喜欢圆润的造型，半保留。
1|0|0|doc27178-1|我们在三方面犯了错误：经销网络、媒体关系和品质问题。
1|0|0|doc27178-2|“过去我们片面地追求数量和规模的扩张，忽视品牌质量的提升。
1|0|0|doc27292-1|新车将与通用的赛欧竞争更低端市场间接降低自己品牌价值
1|0|0|doc27343-2|奥迪的玻璃这么脆弱…………
1|0|0|doc27370-1|13亿中国人抵制日货，可能导致日本家电及汽车厂商倒闭。
1|0|0|doc27392-1|政府大院里日本车最多，动不动就是高能耗的大型越野车，类似于丰田霸道等，即贵，又高耗油，高排放污染，购买和养护这些日本车，花的可都是人民的币。
1|0|0|doc27740-1|是不是内饰还要加上蕾丝以前我做别克，专门为玫琳凯公司定做的粉色凯越，粉色君威呢，尤其粉色君威那个恶心啊，真的用文字描述不出来的
1|0|0|doc27766-2|对自主品牌来说，价格优势逐渐消失，提高产品竞争力迎合国人真实需求，迫在眉睫。
1|0|0|doc27914-2|#车市罗盘#整整花了两天时间，原本想通览大众汽车集团前世今生的各种信息，没想到完了冰山一角。
1|0|0|doc27946-1|主要是那个服务差到死！
1|0|0|doc27946-2|只能说东莞卖车优惠幅度tmd少..
1|0|0|doc27946-3|并且服务质量最差死人服务员可以话g眼看人低的...
1|0|0|doc28129-1|其实奥迪的喇叭声没吉它动听！
1|0|0|doc28232-1|你车排放不达标
1|0|0|doc28246-1|起亚k2，倒车镜是手动的，麻痹后排窗居然也是手摇的！！！
1|0|0|doc28336-1|是伐啦，丰田，本田，现在哪里销量和口碑比德国车和美国车好了，即使是雷克萨斯之类的高端品牌还是做不过奔驰宝马，安全性能兼职就是堪比拖拉机，节油经济更是渣滓中的渣子，什么样的人造什么样的车被这话赞的。。。
1|0|0|doc28403-1|蒙迪欧的增压发动机，加上福特翼虎的全焊接底盘，一个急刹后轮都会完全悬空，这么快的速度，不死人才是怪事
1|0|0|doc28417-1|真的吗丰田刹车制动系统不稳定，车身轻，安全性不高，如果出现意外，生命财务很难得到保证。
1|0|0|doc28441-2|车头丑暴了新揽胜的设计应该还是福特做的延续神行者的福特风格路虎真的全线路狗了
1|0|0|doc28447-1|新cr-v、新思域都是这样，在全新雅阁上更加明显，这个屁股真是毫无设计可言
1|0|0|doc28447-2|这个屁股确实难看至极本田今年的新车都一个德性，前脸好看，屁股超丑..............
1|0|0|doc28454-4|方向盘比较重，同日本丰田柴油suv最大的区别，感受trailbrazer油门很沉，踩下去，动力有点延时。
1|0|0|doc28522-1|只能说大众的品牌定位在中国是失败的
1|0|0|doc28536-1|crv在105国道狂追奥迪a7，无疑是一件傻b的事。
1|0|0|doc28538-1|淮海路，新天地附近就是豪车多啊，连着排几辆豪车，一辆兰博一辆阿斯顿马丁，前边还有一法拉利458，还有其他路边不谈了，顿时宝马奔驰奥迪失了光彩！！！
1|0|0|doc28618-1|实在不觉这车好看~今天在街上看见了辆灰色的，感觉就像是日军的钢盔和德军的尿壶~~这个价位如果不喜欢日本车的话，还是考虑mini或者雪铁龙的ds系列吧，要不然奔驰的b也可以~
1|0|0|doc28624-2|林肯的轿车mkz、mks，suv车型mkx、mkt、领航员，产品竞争力不足，传统4s店模式的巨大投入会让成本收回变得很漫长。
1|0|0|doc28775-1|我们家一群丰田拥护者，我就觉得rav4的样子有点过时了姐夫推荐起亚智跑和现代ix35，不建议买本田，那个新款屁股不好看
1|0|0|doc29007-1|我一直觉得这样下去，大众会像丰田一样走下神坛的。
1|0|0|doc29007-2|神马情况大众旗下的中高端品牌质量确实值得让人深思，烧机油，自燃，dsg变速箱报废等等一系列问题。
1|0|0|doc29072-1|电动车速度快又乱钻，其实很危险啊。
1|0|0|doc29147-1|丰田中的佼佼者卡罗拉，佳美，皇冠，这些年仿佛有点吃老本的感觉！
1|0|0|doc29147-3|今晚阅读了一篇解读当年在手机领域遥遥领先的诺基亚衰败历程，忽然对丰田品牌产生了强烈危机感。
1|0|0|doc29225-3|本田曾引以为豪的工程领先如今已不见踪影：老迈的2.4发动机急加速时显得粗鲁。
1|0|0|doc29427-1|比普通的科鲁兹贵个2万，质量还这么差劲，太尼玛坑爹了~售后服务更差劲，坐在前台跟大爷似的，这么多的服务行业的奇葩也不知道雪佛兰公司是怎么培训出来的?
1|0|0|doc29511-2|我感觉是雅阁史上最丑的，此前八代应该说是代代给人惊喜，但是这款的话，前景不看好。
1|0|0|doc29655-1|永达福特维修技术太差。
1|0|0|doc29784-1|长安福特坑爹的很，一车两卖也做。
1|0|0|doc29813-1|对于gt86~个人认为有点名不正，言不顺，谁都知道这个86是头d神话ae86的延续.
1|0|0|doc29965-1|这么多单消息，从逍客到奇骏，对日产的安全性高度不信任。
1|0|0|doc29969-1|奔驰也是这么落后的的确，这个功能有点傻。
1|0|0|doc29980-1|别克通海的服务起来越差，真是忍无可忍了。
1|0|0|doc30354-1|估计销量不行，才采取的极端手段要真打起来了，真是怎么死得都不知道~~
1|0|0|doc30571-1|好眼力啊我真是交友不慎比起吉利、比亚迪、奇瑞来，差远了。
1|0|0|doc30575-2|日本车真脆弱啊！
1|0|0|doc30680-1|就舒适性帕萨特和迈腾还没资格拿天籁开唰，悬挂座椅柔软日产都是强手，何况还有家居化的理念总，别拿天籁来比，那么烂的车！
1|0|0|doc30809-3|粉色奥迪曾是我的最爱，但是超级不适用，后排恐怕只能坐小朋友这个车队一万
1|0|0|doc30877-1|失望原来起亚k5真的是一辆中看不中用的车主打的是外形而不是性能好不容易在20万左右的车里面挑出好看的可惜性能不行
1|0|0|doc30888-1|从一汽、上海大众，福特4s店归来，重新整理了行情和感受，新朗逸首选，新福和新速腾备选，crosspolo空间实在不感恭维，a0级小车还是太mini了，后排空间1米75的个子就触顶了。
1|0|0|doc31031-1|以前听说奥迪保养贵，没想到这么贵！
1|0|0|doc31031-2|今天奥迪a6l去做保养，机油三滤+清洗节气门，花掉3217块，好贵啊！
1|0|0|doc31098-1|今天去广汽丰田ssss第一店''直接遭到无视''首先我检讨是不是自己衣冠不整''毫不怀疑其服务态度''丝看车伤不起我在:
1|0|0|doc31215-1|马自达日产本田丰田什么的怎么感觉很不靠谱。。
1|0|0|doc31305-1|我一直觉得电动车是一祸害，不加管理以后这种事情会很多，他们速度快，又不让行人，以为自己是自行车类低估自己的杀伤力。
1|0|0|doc31321-1|只是也太坑爹了吧，比国产的分量少那么多还每瓶8.8元，就多了个带回家的玻璃瓶。
1|0|0|doc31578-1|想买奥迪的朋友请看过来，奥迪售后确实差，跟宝马奔驰没法比。
1|0|0|doc31585-1|不想当小说家的食品老板决不是好司机蒙a牌子好眼力啊我真是交友不慎比起吉利、比亚迪、奇瑞来，差远了。
1|0|0|doc31586-1|近日有报道称，因中日关系紧张，日产汽车在中国市场的销量受到影响。
1|0|0|doc31587-1|鬼子车后期费用还真不便宜，快赶上宝马了。
1|0|0|doc31587-2|价格1051，看了配件表，斯博睿才700多，crv800多，思域刚调的价格，无非低端车上大挣保养钱。
1|0|0|doc31968-1|东风日产经销商库存压力明显减小，但东风本田、广汽本田、一汽丰田和广汽丰田经销商的库存依旧消化缓慢。
1|0|0|doc32024-1|如果奥迪a5不那么烧机油，如果宝马5系的保养成本不那么高，如果捷报xf空间再大点，如果奔驰e级的屁股不那么翘，如果英菲尼迪不是日本车。。。。
1|0|0|doc32419-1|讨厌东风本田！
1|0|0|doc32554-1|尼玛换成雪弗兰以后是每人一辆迈锐宝么，大黄蜂神马的奏别想了，尾气不达标!!!
1|0|0|doc32744-1|奇瑞的人才流动太大，销售层面、技术层面无一例外。
1|0|0|doc32744-2|留住人才，奇瑞从政策、执行到企业内部与人才的合作氛围，并不突出。
1|0|0|doc32801-1|他还借口说，国产车质量差，德国车太贵买不起！
1|0|0|doc33025-1|改到后来车尾还是那么难看！
1|0|0|doc33025-2|几年前就没看好奇瑞的冒进政策，现在醒也许还来的及，学学吉利和长城。
1|0|0|doc34370-1|难怪怎么看这假丰田都不顺眼，苏f01r96，这种无耻无赖无节操无底线的人渣就该po上来曝光！！
1|0|0|doc34918-1|记住千万不要买长车，下坡是个大问题?????!!!
1|0|0|doc35033-1|既速腾，迈腾后，大众推出新车蛋疼…
1|0|0|doc35221-1|这个真的要注意，年终岁末盗窃高发，尤其是本田车系，防盗功能不敢恭维，我是中过招的人啊，伤不起啊。
1|0|0|doc35230-1|参观人数并不多，无论规模还是档次，配不上“国际”的标准，老王卖瓜罢了。
1|0|0|doc43899-1|大众跟肯德基一样，越来越没有底线了！
1|0|0|doc43920-1|感觉byd、长城都单一。
1|0|0|doc44353-1|新款的桑塔纳难看死了，我现在才发现桑塔纳生日和我只差了三天再见了，普桑，2000，3000，志俊
1|0|0|doc44381-1|无论是换代车型，还是face-lift，奔驰对市场的反应均比宝马和奥迪慢半拍，业务量下来了，奔驰便掀起价格大战，大范围大幅度地进行降价促销，殊不知这样严重损害了奔驰在汽车界龙头老大的品牌价值。
1|0|0|doc44421-1|因为国人对日货的强烈抵制，日产，本田，丰田的产量都大幅下滑
1|0|0|doc44469-1|实在不喜欢跟在奥迪a4l后面，那个刹车灯太刺眼了，影响后车
1|0|0|doc44555-1|点评了商户奇瑞天杭4s店，总体评价二星:国产差质量不行，国产车的销售也不行
1|0|0|doc44628-1|相对竞品而言，雅力士和威驰显得过于寒酸。
1|0|0|doc44628-2|看到雅力士的销量仅仅1200台/月，感觉丰田在中国的市场的很多做法让人难以理解
1|0|0|doc44628-3|小型车是品牌销量的关键，但广汽丰田雅力士和一汽丰田威驰两个产品，都应该算是在中国大陆极其失败的产品
1|0|0|doc44728-1|所以所有2.3，1.3发动机全部溃败，所以4at的标致雪铁龙和福克斯人们会嫌弃，但底盘减配没有人关心
1|0|0|doc44761-1|这材质保养太费劲了!
1|0|0|doc44832-1|话说我最不喜欢的红旗
1|0|0|doc44837-1|广汽丰田真坑爹，车都报废了!
1|0|0|doc44851-1|美车不及日德
1|0|0|doc44851-2|途观的驾乘感和q5不再一个档次上，q5基本是高档车的感觉，途观不行加速“肉”外观“四不像”。
1|0|0|doc44853-1|不太稀饭别克!
1|0|0|doc44864-1|支持奥迪，特喜欢它的内饰太难看，奔驰这个阶段的工业设计，远弱于奥迪，落后于宝马，对“c级”的“入门级”营销定位，也完全输给a4l和3系
1|0|0|doc44883-1|怪不得我不喜欢奥迪a6
1|0|0|doc44889-2|蓝牙耳机好像也不方便，那就买辆带蓝牙的汽车吧
1|0|0|doc44896-1|可是我喜欢宝马哦如果你觉得奔驰太嚣张、宝马太小三、奥迪太腐败，那就买沃尔沃吧…
1|0|0|doc44897-2|a3内饰非常差，坐在a3里面根本不觉得自己坐在奥迪车里面，a4l我老公喜欢，我觉得有点贵，可是途观不给力啊~烦~呵呵，厉害厉害!
1|0|0|doc44903-2|可惜的是这个胖家伙不是中国制造的，国产车的制造和研发水平还是处于劣势的，从外观上应该能寻找一些创意和突破口吧?
1|0|0|doc44906-1|omg，不可爱了不是太喜欢，总觉得tt应该是一款独立于奥迪主流造型风格的前卫小车…
1|0|0|doc44929-2|我现在贼讨厌宝马
1|0|0|doc44932-3|是啊，四个圈的服务一向以贵著称，比宝马还贵呢
1|0|0|doc44936-1|看汽车各种独立悬挂，对性能的影响，越来越喜欢运动型底盘，车身稳定性是必须的，但操控性和乘坐舒适性，更在意操控，所以才会爱宝马不喜奥迪，什么时候能买一辆。。
1|0|0|doc44939-1|suv车型我大爱啊，但不太喜欢crv
1|0|0|doc44962-1|我不喜欢奥迪a4。
1|0|0|doc44995-1|偶也不喜欢丰田其实我不大喜欢奥迪。。
1|0|0|doc45001-1|果然姑娘都喜欢途观领导最近挺好的吧还是途观吧，cc都说性价比不高，奥迪自己开有点不值当，剩下的不好看
1|0|0|doc45007-1|这个准不不准啊，还好我不喜欢奥迪!
1|0|0|doc45008-1|对比几种越野车大众途锐奥迪q系列还有保时捷的卡宴做得太圆润了相对来说更喜欢梅赛德斯ml宝马x以及路虎的风格线条不要设计的太柔顺越野要有越野像
1|0|0|doc45014-1|这个车子的发动机和cc3.6一样，只是辉腾的重量达2.3吨，所以起步比cc慢多了
1|0|0|doc45022-1|hold不住，不过不喜欢粉红粉色奥迪r8~
1|0|0|doc45038-1|呵呵无视奥迪mb不新鲜，911和捷豹已列为设计上的对手。
1|0|0|doc45039-1|不是得瑟，我真的不喜欢宝马5的长相，我喜欢圆滚滚的奥迪q5，谁能出个主意帮我说服杨老爷，我请他(她)搓大饭!
1|0|0|doc45041-1|相对于性能与性价比，我想它最大的缺点是在品牌历史的沉淀上无法与甲壳虫和mini抗衡
1|0|0|doc45073-4|奔驰奢侈夸张，但是只有你有了地位才可以开
1|0|0|doc45080-3|宝马x1申请试驾成功，不过那钢性的内饰和小巧的仿suv款式远远不能满足我对宝马的要求，价钱也是那么的不和行情
1|0|0|doc45086-1|今儿改目标不喜欢沃尔沃，说宝马7系好，姐咋看也不喜欢，关键也是没银子
1|0|0|doc45092-1|可我不喜欢奥迪，我真变有钱人，我会把法拉利或者兰博基尼搞成粉色的，虽说其实坐兰博基尼怎么坐怎么不舒服，俺还是比较爱等你成功变有钱人了带偶们去兜风~
1|0|0|doc45099-1|完全就是调教问题哎，我一直不喜欢奥迪就是因为它的ff驱动机构，头太重，容易吃胎，操控不好，虽然它那套四驱听着挺牛的
1|0|0|doc45102-1|宝马的新5系的设计风格个人不喜欢，趋于平庸化，可能更贴近一些中产的审美吧
1|0|0|doc45122-2|不喜欢2011新款的，尤其是前大灯，阴沉，没有老款的有神
1|0|0|doc45124-2|我喜欢奥迪，不喜欢这种土豆泥
1|0|0|doc45138-1|rs系列和tts是所有奥迪中我最喜欢的，但还是车头偏重，所以开起来更不灵活，操控的空间更小
1|0|0|doc45148-1|日产就会忽悠，很到位
1|0|0|doc45171-3|对大众神车真的没好感，从余虎的维权17新宝来，从奥迪的烧机油，还有q5的加价销售，都对这个公司相当的失望
1|0|0|doc45173-1|2012年新款车型，可是我怎么也不喜欢奥迪这个品牌，感觉太过于平凡普通，q5在外观上没有太大的变化和亮点，只是车轮发生了变化，又一款混合动力车，是对石油一直涨价的不满吧。
1|0|0|doc45183-1|奥迪略平庸。
1|0|0|doc45184-2|我真的不喜欢宝马奔驰奥迪有木有，尤其是奥迪，10辆有5是宝奥奔，5辆中又有3辆是奥迪，凡不凡凡不凡啊!
1|0|0|doc45201-1|我唯独对丰田情有独钟，这绝不是我哈日，而是我喜欢丰田车刹车系统不好…
1|0|0|doc45231-1|美车里最糙的就是克莱斯勒，全面体现在内饰，安装，以及质量上。
1|0|0|doc45248-2|a5不知道，反正a6就是那渣
1|0|0|doc45248-3|我觉得奥迪的操控好让人难受...
1|0|0|doc45257-1|相比我喜欢c30雨燕是个好车，动力强劲奥迪不行，还是奥托吧
1|0|0|doc45276-2|引擎自动熄火和重启的顿挫感比宝马1系列差一些。
1|0|0|doc45280-1|(ft)我说我怎么从来不喜欢奥迪呢。
1|0|0|doc45286-1|还有大众的车太死板不太喜欢
1|0|0|doc45321-1|维护挺贵的…
1|0|0|doc45321-2|奥迪喜欢烧机油…
1|0|0|doc45321-4|奔驰的保养费用老高了…
1|0|0|doc45321-5|而且国产的质量不见得好一点…
1|0|0|doc45345-2|非常赞同，不愧是行业网站的领头羊更离谱的是，大多数车操控远远不如宝马的车，舒适性也远远不如宝马，悬挂又硬又颠，方向盘还有巨大的虚位，比如奥迪的大部分同级别车，比如高尔夫gti。
1|0|0|doc45380-1|我不喜欢tt的外形…
1|0|0|doc45381-1|我为什么不喜欢前驱车?
1|0|0|doc45381-2|因为前悬太长，从美学上，侧面不好看
1|0|0|doc45384-3|之前开过一段时间s8只能用一般般形容
1|0|0|doc45393-2|大片子轮毂，一点缝隙没有，糊的死死的，不好看
1|0|0|doc45393-3|给q5配的这轮毂比国产的丐版还难看#奥迪科技日-e创未来都市生活#用#ipad2#拍摄的奥迪体育公园试驾现场停放着的的e-tron。
1|0|0|doc45402-2|据说a1在欧洲因为开价太贵而滞销，远没达到奥迪设定的目标
1|0|0|doc45410-2|我不喜欢跑车!
1|0|0|doc45431-1|q7刚性不够，天窗容易漏水。
1|0|0|doc45431-4|我也不喜欢奥迪，奥迪没什么像样的核心技术，全时四驱感觉有点鸡肋，fsi全系烧机油，上到卡宴，a8，下到迈腾，几乎全烧。
1|0|0|doc45438-2|我只能说a7比a8难看多了
1|0|0|doc45452-2|有的事就是这么滑稽，我早上刚看完“锐志”和“a4l”该选择哪个，zl就喜欢白色a4l，但是奥迪这车发动机烧机油，德系车普遍机油消耗过量
1|0|0|doc45454-1|奥迪旧车故障率太高了
1|0|0|doc45464-1|我一点都不喜欢本田!
1|0|0|doc45471-2|我最不喜欢的就是本田系列，尤其是雅阁!
1|0|0|doc45477-1|奥迪坐起来一点都不舒服
1|0|0|doc45487-1|缺点，做工粗糙，有失奥迪的水准，但这个是可以容忍的
1|0|0|doc45487-3|最大的两个缺点，一是发动机噪音大，二是车身整体性也就是方向盘和底盘一体性较差，这个缺陷在这个价位的车不应该出现。
1|0|0|doc45496-3|不喜欢宝马奔驰…
1|0|0|doc45498-1|但其实却失去了一些操控及安全性
1|0|0|doc45500-2|依a8，a6的趋势，奥迪很难引起我的好感，很不喜欢改款后的头灯
1|0|0|doc45500-3|奔驰把slk，cls等等都统一成如此硬朗锋利的风格似乎并不妥当嘛，尤其是cls，原本自成一派的感觉全无
1|0|0|doc45528-1|好纠结啊买a4还是325选不好啊奥迪么烧机油那么厉害宝马么本人不太喜欢大家给个意见
1|0|0|doc45537-1|我不喜欢马自达!
1|0|0|doc45540-3|没有办法不喜欢奔驰了!
1|0|0|doc45544-1|奥迪的车据说吃机油很厉害，加上满大街都是a4l俨然是街机，哥哥不想重蹈ip4的覆辙。
1|0|0|doc45551-2|奥迪的科技感真的很强，很喜欢，特别是音响，宝马5系的音响不是一般的烂
1|0|0|doc45559-2|不是太喜欢，总觉得tt应该是一款独立于奥迪主流造型风格的前卫小车…
1|0|0|doc45562-2|奥迪一贯的方向回馈力度不佳路感较为模糊，不喜欢，节能的停车熄火模式个人很不适应影响驾驶流畅感受，总觉的车子是不是故障
1|0|0|doc45578-1|奥迪q5，品牌不值50万，还烧机油，不推荐，xc60找了jl当爸爸，不知将来怎样，怕修理不方便，保值率也不好，推荐x3，他说不喜欢新款的灯，我说宝马设计比较超前，看看就习惯了，另外如果对日本车不排斥霸道很不错，能吃粗粮
1|0|0|doc45585-2|同级别同价位的还是它最好，可惜新款我不喜欢!
1|0|0|doc45585-3|奔驰宝马太招摇，吕总又说奥迪不好，只剩大众可以考虑了。
1|0|0|doc45593-1|奔驰c嘛，性价比就更差了，宁可买奥迪
1|0|0|doc45593-2|大众的内饰真的是不敢恭维，包括新帕萨特，做的也不好
1|0|0|doc45596-1|粉色车看出去很楞也很难看，我还是喜欢帅气的!
1|0|0|doc45606-1|我是很不喜欢东风日产的，太傲慢了
1|0|0|doc45809-3|说说缺点，就是刹车偏软，也算是大众的一个通病吧!
1|0|0|doc45828-1|奔驰你好慢啊!
1|0|0|doc46042-1|七的外形流线已向奥迪靠拢，大众三十五年的传统味道渐渐流失，所以我很庆幸拥有了mkvi。
1|0|0|doc46047-1|悍马不好看!
1|0|0|doc46060-2|个人观点:外观更喜欢cls的柔美线条，奥迪a7的溜背设计觉得有些怪异;
1|0|0|doc46064-2|对啊，年底打算入手gti，大众又没有这么好的服务，所以以后生活质素能否提高还要看陈总啊!
1|0|0|doc46082-1|为什么奥迪宝马后面都那幺小
1|0|0|doc46089-1|踩上点了，但缺乏耆侈品的内在!
1|0|0|doc46119-1|沃尔沃表示处境很尴尬
1|0|0|doc46120-1|她不喜欢这种偷偷摸摸的行为，那车'方方的象个蛋糕'也不喜欢，男孩老不交本子'一点也靠谱'
1|0|0|doc46127-1|但从外形来说，个人比较喜欢保时捷的车型，奥迪显老气了点，而且开奥迪的不都是外遇多么?
1|0|0|doc46148-2|傻逼才买辉腾不咋滴，辉腾而已我的是拖拉机，悲催啊你的大众也不咋地嘛我狮子，我爱兰博基尼!
1|0|0|doc46152-1|我也不喜欢福特福特，老美的车子，左舵，大的不得了，看着就来气，主要是我不喜欢福特，奥迪q7的话我就不气了你老公新买了什么车?
1|0|0|doc46159-1|首先是配件质量差，其次是服务店调包!
1|0|0|doc46159-2|氧传失效要看真真导致失效的原因现在原车的氧传感器质量比较差，也成了易损件!
1|0|0|doc46161-3|今天陪五哥看了一个下午的车，发表几点感受:北京现代朗动实车质感差，五哥说丑到爆;
1|0|0|doc46165-3|缺陷目前感觉a柱视觉不太好
1|0|0|doc46165-4|油箱较小，14l/100km的油耗因该配备90升左右的油耗
1|0|0|doc46182-1|，奥迪的配置也足够丰富，奔驰却还是以一副盛气凌人的姿态死活价格不亲民，后来又自扇嘴脸的降价，我想汽车最核心的部件是发动机，没有一个出色的心脏我想再豪华的品牌也会没落…
1|0|0|doc46192-3|不过过弯性能还是差点，如果后驱车相信会好很多!
1|0|0|doc46192-4|比赛用的奥迪a1，内室好小，没我家的凯悦hrv大，而且是双门的
1|0|0|doc46198-3|故障率奇高，维修费用吓死人。
1|0|0|doc46199-2|个人觉得不好看真心不喜欢这个灰色的杠杠，不过看在奥迪的份上，等我有钱起，，不知道等到什么时候
1|0|0|doc46213-1|就算屎我也认了，可国家就连吃屎的机会都不给我奔驰宝马奥迪的售后服务跟凌志英菲尼迪比都跟屎一样，他们自己知道，但是他们坚持当屎喜欢奔驰的人不会因为价格问题而转投宝马
1|0|0|doc46216-1|你可以选择自己喜欢的颜色，但如果是黑白格子的话有可能让别人觉得不舒服
1|0|0|doc46219-1|虽然我不喜欢比亚迪
1|0|0|doc46252-2|q3太小，强烈要求换w12，tt或tts也将就
1|0|0|doc46252-3|没错，最不喜欢奥迪了，总觉得前脸象被打掉了下巴的露齿委琐男。
1|0|0|doc46270-1|请不要跟我推荐锐志，它是我讨厌的车之一。
1|0|0|doc46271-3|到说glk，产品力不如x3，也不如奥迪q5
1|0|0|doc46273-2|奥迪a3就是屎
1|0|0|doc46275-1|真不怎么喜欢雪弗兰这个品牌
1|0|0|doc46293-2|不喜suv，路感差，油耗大，后排空间小，停车不方便
1|0|0|doc46293-3|大多数60万以下suv动力很差，50万的奥迪q5动力比不上22万的本田雅阁，除了高坐姿和看似“越野”(2驱，120千瓦，自重2吨，承载式结构，你觉得能越野?
1|0|0|doc46331-3|低价位的日本和德国车内饰都硬邦邦的，确实不是我的菜……
1|0|0|doc46337-1|一款排量仅为3.0l的发动机并不足以让全新奥迪a8l完全展现出它的霸气与尊贵，即便其带有增压、直喷等先进技术并已经能够提
1|0|0|doc46353-1|韩国车连韩国人自己都说是山寨车呢
1|0|0|doc46366-1|其下坡感觉刹车偏软，油耗高;
1|0|0|doc46377-1|想买台30万左右的suv森林人的外观不喜欢rav4的4速变速箱很无语途观的加价和性价比很无奈现在考虑bmwx1或是等奥迪q3国产这两款如何呢?
1|0|0|doc46413-1|奥迪的尾灯特别刺眼，每次在路上都不敢跟着，自己喜欢别人恨
1|0|0|doc46417-2|浅色内饰丑丑丑!!!
1|0|0|doc46425-1|「别摸我」没事会自燃的，三系尤其，七系也一样，虽然我也很喜欢宝马的型，但安全更重要
1|0|0|doc46426-3|哈哈，档次是太低，奥迪还差不多怎么是迪奥，档次太低了爱马仕
1|0|0|doc46433-3|就性能不论，q3这空间也确实太小了，都比不上x1，这价格还不如加点买q5
1|0|0|doc46434-2|这种车安全性能爆差，4个咕噜的车稍微逼一下，他们就可能倒地
1|0|0|doc46436-1|本人不喜欢奥迪这个品牌，总觉得有种小三跳着脚地着急想被扶正却又无门的感觉
1|0|0|doc46437-2|沃尔沃车不吸引人，对安全的品牌塑造也并不成功
1|0|0|doc46442-1|就是外形不够帅气。
1|0|0|doc46443-1|一直梦想着拥有奥迪试驾了a4l后失望了拒绝买a4的5个理由1.a4车型太欧美我喜欢奥拓有中国风味道2
1|0|0|doc46446-2|以前不喜欢奥迪a6，觉得官气、商务、不属于家庭用车
1|0|0|doc46460-2|缺点就是内部空间小
1|0|0|doc46469-1|330i不敞篷时外观真心不喜欢
1|0|0|doc46475-1|个人喜欢大众cc还有就是奥迪系列让你老爸别买日系的，车轻皮薄不安全。
1|0|0|doc46481-1|我就一直不怎么喜欢奥迪车!
1|0|0|doc46498-1|还有不是越贵的车音响就越好、例如:凌志lx570，巡航舰这些都是垃圾。
1|0|0|doc46510-1|其中最看不起lexus，每款车都能在丰田上找到原型。
1|0|0|doc46539-1|我--奥迪，我不喜欢奥迪!
1|0|0|doc46540-1|如果是些小毛病，比如，什么灯光，音响之类的，可以找个不吭爹的一次解决，如果类似烧机油，进而引发什么启动困难，怠速抖，epu报错等并发症，还是换车吧，这个大众工程师也没解决的办法你给个方案不太喜欢奥迪!
1|0|0|doc46558-1|我也不太喜欢大众
1|0|0|doc46575-1|排量很尴尬，入门1.8t明显觉得不够用，顶级3.5l似乎又大了点老发动机也无亮点，该价位奥迪和宝马一堆好车
1|0|0|doc46587-1|奥迪基本已经淘汰了，内饰和车门太难看!
1|0|0|doc46591-1|大户还是奥迪靠谱准备入手a4了不喜欢宝马嗯
1|0|0|doc46601-2|不过，奔驰e在同级中的竞争力就弱多了，中期改款内饰也不会有质的飞跃，5系li和a6l都可以算是小7系和小a8，但是奔驰e只能算是大奔驰c
1|0|0|doc46603-2|不喜欢桑塔纳夏利…
1|0|0|doc46616-2|难看的运动屁股有木有!
1|0|0|doc46619-1|现代安防性能太差
1|0|0|doc46625-1|大下雨天的打车回家路上堵车司机不送了只得自己走回家尼玛一辆奥迪停在前面问要不要送啊姐鸟都没鸟就走了那车看起来好难看不是姐喜欢的车型估计值不了多少钱。
1|0|0|doc46635-1|不过性价比太低，即使车价便宜一大截的国外都不常见!
1|0|0|doc46645-1|二、前大灯越改越小气;
1|0|0|doc46645-4|不喜欢奥迪的原因:一、拿千篇一律当卖点;
1|0|0|doc46653-2|不知是否是定位上的走神，新a6l就像是一个改了尺寸的车型，加大号的外表下却有让人无语的配置
1|0|0|doc46654-2|另外今天去看a7的时候，奥迪的销售态度可真是差啊。
1|0|0|doc46660-1|没有监管，神马政策都白搭两年前去成都出差，街头见过好几辆全进口奥迪a8，霸气外露，估计都是3.8，4.2级别的，但屁股后面已改为a62.0，这就是tm的政府，总让老百姓诚信有个屁用/转发微博
1|0|0|doc46664-1|靠~a7没特点，所有奥迪都差不多，新款clk不好看!
1|0|0|doc46665-1|虽然我不喜欢奥迪!
1|0|0|doc46681-1|性价比太差!
1|0|0|doc46681-2|但q3定价有些高了!
1|0|0|doc46682-1|我当大官了就买辆奥迪q7当总裁了买辆奥迪r8做生意起步了的话一辆宝马760li吧，奔驰不喜欢外观没奥迪宝马的好看!
1|0|0|doc46684-1|哈哈，所以我从来不喜欢奥迪/a1居然不是防爆轮胎?
1|0|0|doc46700-2|花奥迪的钱拥有兰博基尼42万对刁丝来说还是太贵了…
1|0|0|doc46709-1|坑爹的自动泊车，让喜欢研究电子设备的我在n种条件下实验了n次，结果是基本你可以忽略这个功能了
1|0|0|doc46716-1|有凌志(好像是240)，有宝马3系，比较推荐奥迪q5，可能会稍贵点有小孩不适合用cc了，我试过后面很窄的，只是外型好看，不实用
1|0|0|doc46718-1|但3.6发动机对于如此庞大车身感到起步吃力，提速力不从心，还有换挡顿挫
1|0|0|doc46740-1|所以我非常非常非常的不喜欢标致505，它更像捷豹恐怕有这种问题的绝非奥迪一家
1|0|0|doc46761-1|a7的配置肯定会根据定价来讨好消费者，但是我不喜欢，除了驾驶风格，他的外形我已经疲劳了
1|0|0|doc46788-1|大众果然是恶霸!
1|0|0|doc46798-1|相对于几千块的钢琴来说，260多万的奥迪r8貌似根本不靠谱
1|0|0|doc46819-3|外形上，奔驰秀气而大气，宝马的猪鼻子张扬的一塌糊涂，只有奥迪，led行车灯非要搞一个所谓的海鸥造型塑造运动感，除了丑还是丑，可惜了丫独创的大嘴所带来的霸气
1|0|0|doc46848-2|哪怕觉得奥迪用色太过于激进，或者捷豹一股子咖喱味，但至少学学宝马，风格稍微年轻一点总不过分吧
1|0|0|doc46850-1|那车屁股不好看……
1|0|0|doc46869-1|不过那头部空间太坑爹了
1|0|0|doc46880-1|美国最权威的杂志《消费者报告》每年都把奥迪评为世界上质量最差、可靠性最差的车之一
1|0|0|doc46883-1|她说奔驰不好，还不如买奥迪
1|0|0|doc46883-2|还说她最讨厌雅阁了，既废油又肉
1|0|0|doc46891-1|日系不喜欢，韩系没人喜欢。
1|0|0|doc46891-2|我不喜欢奔驰的长相，奥迪也是
1|0|0|doc46891-3|从一个bmw烂大街的地方出来后，我不喜欢bmw
1|0|0|doc46891-4|jaguar之前挺好看，现在也难看了，质量也不行
1|0|0|doc46891-5|昨天刚发觉porsche低端不太贵，但是sedan太难看，suv我不喜欢，跑车又不实用
1|0|0|doc46892-1|奔驰的e系列的确有点乱，一句话，不知道给谁生产的
1|0|0|doc46892-2|奔驰e级l前脸虽然霸气，但侧面和尾巴明显不如宝马5系li和奥迪a6l，还起价46万多，当社会精英(此精英非爆发户，是暴发户早买100万以上的车了)是傻货吗?
1|0|0|doc46904-1|奥迪实在不够吸引若有兰博基尼则自动升为众妃之首
1|0|0|doc46909-1|我恨奥迪
1|0|0|doc46909-2|我恨沃尔沃
1|0|0|doc46935-1|爸爸总是问我想买什么车，今天无聊看看，最近好喜欢奥迪的，一圈一圈的，宝马的标志不喜欢，虽然何以琛是宝马的，舅舅是奔驰的，还是我喜欢的水晶银，那我就买奥迪吧，奥迪a4l，不过毕业爸爸才给我买，那时候会不会out啊
1|0|0|doc46937-1|我更不喜欢拖拉机
1|0|0|doc46937-2|我不喜欢奔驰啊，喜欢水瓶座的奥迪哦你这是转发的啥子啊射手怎么这么射手座这是要开大敞篷嘛!
1|0|0|doc46946-1|宝马烧机油的真不少，只不过现在保有量没奥迪那么多，呼声那么大而已
1|0|0|doc46946-2|奔驰倒是烧机油的少，不过销量更少其实我也挺喜欢mini、5系、slk的，奥迪也有丑车，比如我就不喜欢q7一汽奥迪情何以堪啊
1|0|0|doc46948-2|样子不好看，车标太猥琐……
1|0|0|doc46953-1|对奔驰跟宝马~我还真的都不太喜欢~~从奥迪a4l开始~对于奥迪倒是充满了很大的兴趣~~
1|0|0|doc46956-1|可是a6的空间不会太小吗?
1|0|0|doc46965-2|丰田去死奔驰不喜欢奥迪
1|0|0|doc46967-2|说句实在话，我真不喜欢大众集团，包括他旗下的奥迪，这个自大的品牌，在中国居然奇迹般的从未召回
1|0|0|doc46998-3|苦于它没有x5和ml的大天窗，空间倒是无所谓
1|0|0|doc46998-4|麻烦帮分析下性能撒~还有后期保养，恍佛奥迪宝马小问题灰常多，奔驰好些?
1|0|0|doc47012-3|就是嘛，摩托车多危险!
1|0|0|doc47024-4|在售后方面做好点吧，就是你们的车-动力太差，加强点吧
1|0|0|doc47031-2|三宝:爸爸，你给妈妈换辆车吧，奥迪太旧了
1|0|0|doc47037-2|握手大品牌讲零缺陷，其实都做不到，我的奥迪a8-6.0的，小毛病还是很多，服务也不咋的，很不满意
1|0|0|doc47064-1|中国汽车的车标一个赛一个的丑，你造汽车不行，连个车标也设计不好?
1|0|0|doc47086-1|与此同时，受访者最不喜欢的前五大汽车品牌均为日韩品牌，即丰田、本田、现代、日产和三菱。
1|0|0|doc47087-1|#微博曝光台#]广汽丰田真坑!
1|0|0|doc47109-1|合适合适~~嘿嘿我不喜欢奥迪
1|0|0|doc47118-2|不是很喜欢但是造型哈可以civic9代肿莫样?
1|0|0|doc47122-1|4、价格不菲。
1|0|0|doc47122-3|3、座椅不舒服。
1|0|0|doc47122-6|6、车身比较重，如果用小排量的话就将奥迪1.8的覆辙。
1|0|0|doc47124-1|奥迪不是我喜欢的车系，但看上去外型不过不失lol.
1|0|0|doc47130-1|#NAME?
1|0|0|doc47145-1|貌似我现在最不喜欢奔驰
1|0|0|doc47160-1|价格还是有点贵。
1|0|0|doc47166-1|俺最不喜欢外形漂亮的了，容易过时
1|0|0|doc47170-1|可不可以换一换，我不喜欢奥迪，我喜欢奥利奥
1|0|0|doc47174-1|a6l我不喜欢
1|0|0|doc47174-2|我在公司的车上，这个奥迪有点动力小，才3.2!
1|0|0|doc47175-1|回复:就是我还是喜欢越野哈用的奥迪的心脏，不好!
1|0|0|doc47181-2|no.6雪佛兰皮卡太浪费创意，导演该杀;
1|0|0|doc47181-4|no.7kia太烂，纯特效《诸神之战》就这么死的;
1|0|0|doc47183-1|百得利奥迪贴士#有些人买轮胎特别喜欢强调“进口”，国外推出的新款轮胎对国内的用户来说有一个最致命的缺陷就是不适用
1|0|0|doc47193-1|不喜欢不喜欢奥迪应该庄重一点看起来大气而不是五颜六色花哨颠覆大家对#奥迪#的印象的平面广告，够激情，够安全!
1|0|0|doc47206-1|a6创造了行政级轿车这词，把宝马5系和奔驰e级都拉下水，套娃式的前脸我不喜欢，有的是人捧臭脚
1|0|0|doc47226-1|6gc确实配置坑爹啊，我觉得相同配置下比奥迪贵20万左右还差不多搞个不肤浅的让大家看看，别拿四万自主品牌的hud抬头显示说事即可。
1|0|0|doc47231-1|鼓掌~其实我不怎么喜欢奥迪，也就这么说说呀!!!
1|0|0|doc47269-1|开发一些科尔维克时代的故事嘛自打他老子从奥迪换成别克之后，文哥许久都不能接受……
1|0|0|doc47300-6|马六降价了，依旧超预算;
1|0|0|doc47301-1|ps:还是比较喜欢思域，奥迪太厚实了。
1|0|0|doc47312-1|奥迪卖车的选配内饰太死板了。。
1|0|0|doc47321-1|神马奥迪、宝马、跑车都素浮云!
1|0|0|doc47339-2|可是奔驰公司真心的抠啊!
1|0|0|doc47341-1|奥迪小改款q5也是个改得很纠结的东西
1|0|0|doc47353-2|我这么喜欢的奥迪居然也有看起来这么不舒服的时候……
1|0|0|doc47362-3|我觉得适合女人车，mini新款外观不怎样，smart又太过迷你q
1|0|0|doc47364-2|volvo的s80l不如以往强调安全了，渐入佳境的辉腾再让自己的“帕萨特”飞一会儿就算了吧。
1|0|0|doc47368-2|奥迪tt这类的小众车型其实保值率很低
1|0|0|doc47385-2|服务最好的是宝马，车最皮实的是奥迪，服务差，质量也闹心的是奔驰
1|0|0|doc47385-3|这三个品牌的suv操控最好的是q7，真正的宝马粉都不会喜欢x5的操控，ml/gl最一般
1|0|0|doc47391-1|有个烂雷诺!
1|0|0|doc47398-1|奥迪本来就不是什么好货，不知道为什么那么多人喜欢华星名仕4s店相关负责人今日接受成都全搜索新闻网记者采访，称针对当日发生的事情，4s店已经和顾客协商解决
1|0|0|doc47399-2|心得:宝马内饰是最不精细的，喜欢在颜色上做文章，性价比偏低;
1|0|0|doc47409-1|坐进去驾驭感不足
1|0|0|doc47409-3|视线差，比我那辆还低且窄，不知是错觉是幻觉
1|0|0|doc47409-4|昨天试徐总的a5方向偏轻，奥迪方向盘路感指向和bmw没发比
1|0|0|doc47409-5|低速刹车反映太过灵敏，一个是新车的缘故，还有就是奥迪刹车灵敏快后段迟缓的原因
1|0|0|doc47421-1|虽然奥迪有数不清的缺点
1|0|0|doc47425-3|去死吧~tt没那么霸气、还是喜欢a8l!
1|0|0|doc47431-1|现款的奥迪我不太喜欢，特别是尾部
1|0|0|doc47445-1|最后订了奥迪q5、好多人说烧机油
1|0|0|doc47448-1|mini难看死了，我还是比较喜欢宝马揽胜难看死了，我还是比较喜欢路虎x6难看死了，我还是比较喜欢宝马q5难看死了、我还是比较喜欢奥迪~桑塔纳难看死了，我还是比较喜欢大众~
1|0|0|doc47460-2|反而宝马的外型不够大气~承你贵言!
1|0|0|doc47463-2|只从外观上来说ai远远没有minn看着那么的丰富，也与当初谍照曝光时的照片少了些许凶猛，给人感觉有些q??
1|0|0|doc47494-2|相比之下s5的风格有点不太喜欢，可能是我不懂这款车吧
1|0|0|doc47501-1|不要奥迪
1|0|0|doc47503-1|我讨厌宝马!
1|0|0|doc47508-1|宝马坐着不舒服;
1|0|0|doc47518-3|买车我不会选mba奔驰宝马奥迪，因为太大众了，也让人觉得装逼，我会选外表低调，其实很劲爆的东西
1|0|0|doc47522-1|要不买这辆吧，我喜欢~~比你艾特我的凯迪拉克霸气哇?
1|0|0|doc47523-1|我也喜欢，但是大众太坑爹了，a4的低配内饰全塑料，并且还加价卖，因此转而喜欢迪奥了
1|0|0|doc47532-2|大众有些车安全性也不行……
1|0|0|doc47536-2|芊:奔驰太贵了，我开不了
1|0|0|doc47538-3|开了一个星期的雅阁，很不喜欢这车的驾驶感受，太累人了
1|0|0|doc47542-1|奥迪烧机油不算缺点?
1|0|0|doc47549-4|但相对而来的就是漏风和隔音不佳的问题，还有就是油耗偏高
1|0|0|doc47552-2|不过，昨天一友人说，他的a4发动机曾有高速路上自燃的历史，吓得我又开始犹豫起来
1|0|0|doc47554-1|粉红色奥迪r8，这么惊艳一般人hold不住啊~
1|0|0|doc47578-1|沃尔沃s80是瑞典的最高级别的旗舰级别的车型来到中国，国人都嫌弃它小，于是就加长，但是还觉得小
1|0|0|doc47602-1|电镀奥迪r8反光厉害容易追尾!!
1|0|0|doc47613-1|提速太肉，涡轮增压也是
1|0|0|doc47613-2|刹车踩的猛了就abs，近距离不敢猛刹
1|0|0|doc47613-3|感觉车的内饰一般，太死板，不符合年轻时尚
1|0|0|doc47613-5|除了它的流线、车窗无骨设计剩下都不喜欢，大跌我心中轿跑的形象
1|0|0|doc47616-1|买这个车需要关键时刻能镇的住气场，但我觉得新a8l还差的很远
1|0|0|doc47616-2|不说别的，即便它的动力经过提升，在三大传统豪车的顶级车中依然垫底(奥迪是不是传统还要另当别论)，更别说像极了a4的前脸和车尾
1|0|0|doc47630-1|实际驾驶感受，奥迪rs5在起步瞬间的推背感比s5稍弱，从两车最大扭矩的数值与输出转速就能看出点端倪
1|0|0|doc47633-1|这个玻璃颜色不喜欢看起来不是很符合奥迪的品质
1|0|0|doc47640-2|本来超级不喜欢那个怪模怪样的车
1|0|0|doc47642-1|在豫中的时候，年轻帅气的小老板开的雷克萨斯，当时觉得特别酷，直到他扣我250块大洋，我就开始讨厌他的车;
1|0|0|doc47648-2|不买日本车，不喜欢大众奥迪，买不起宝马奔驰
1|0|0|doc47666-1|q5太大了。
1|0|0|doc47681-2|闲来无聊，带果试驾了两款车，国产奥迪q5起步超级肉，不喜欢，奇怪大马路上为啥那么多q5;
1|0|0|doc47694-1|奥迪q5，鸡肋!
1|0|0|doc47694-3|大众所有车系，看不起!
1|0|0|doc47694-4|宝马x1，感觉一般，内部空间小!
1|0|0|doc47708-1|奥迪这手儿是败招，不高级
1|0|0|doc47709-1|2011成都车展#没有看过宝马m1啊，个人不是很喜欢宝马这个品牌，更喜欢捷豹或者奥迪一些，也不知有什么这2个品牌，有无新车发布。
1|0|0|doc47723-2|个人觉得奥迪的驾驶体验差点，2.0t和3.0t看似动力充足，但是低速阶段的顿错还是很明显，方向盘的手感偏差
1|0|0|doc47734-1|光看前面的，有的真的不知道是什么牌子，宝马返朴归真，诺基亚霸气外漏，奥迪想多了!
1|0|0|doc47745-2|就算再省油，也特别不喜欢日本车
1|0|0|doc47754-1|迈腾的倒车影像据传说，故障率比较高!
1|0|0|doc47755-2|粉色奥迪r8，粉嫩嫩受不了~!!
1|0|0|doc47760-2|持之以恒的不喜欢大众，总觉得做得很粗糙，不能总以欧洲的粗犷来掩饰自己细节的粗糙吧，空间一如既往的不够大，空调一如既往的不太好，内饰一如既往的不够细腻~!
1|0|0|doc47786-1|总觉得新a6的前大灯不如老款霸气
1|0|0|doc47798-1|奥迪a7既不显大气、又无霸气，看上去倒有些憋气，呵呵!
1|0|0|doc47819-1|思域车内高度不够，有点小压抑，而且日本车子比较轻
1|0|0|doc47821-1|几乎很多车都开过了，但我觉得丰田车的特点方向最轻，奥迪车身嘴硬，奔驰宝马最人性化..
1|0|0|doc47825-1|宝马真的过敏!
1|0|0|doc47826-1|看了这段新宝马3系的视频，我有点失落
1|0|0|doc47831-2|a1的外形确实不敢恭维，不是我喜欢的类型
1|0|0|doc47847-2|奥迪保养成本高~先想好喽!
1|0|0|doc47847-4|考虑性价比的话，比途观值太多了好么?
1|0|0|doc47855-2|而且内饰还是更喜欢奥迪一点点，主要是不喜欢宝马的手刹设计，有点土…
1|0|0|doc47865-2|但保养周期a4就没优势了5000一保。
1|0|0|doc47865-4|朋友昨天刚从燕得宝提了一款320li，裸车35多，说实话真心有点贵，连倒车影像都没有(再高一款才有)，无原车导航，加装要1w多，多媒体与手机的歌曲不能同步
1|0|0|doc47866-1|普遍对新款a6l的外观不认同，认为它已经缺失了奥迪的灵魂
1|0|0|doc47874-1|为毛我一看见奥迪的内饰就恶心……
1|0|0|doc47875-4|摆在他边上的奥迪q7完全小了一号，太小儿科了，没得比!
1|0|0|doc47898-1|bmw的配置??一直?一直?一直坑爹??比起同价位的奥迪，差的太远了?果然和同排量的7系li同价位
1|0|0|doc47910-3|对于glk唯一美中不足的是:强劲低碳又省油的2.1t柴油发动机不能引进国内不能不说是个较大的遗憾。
1|0|0|doc47914-1|宝马是该反省质量问题了，否则会削弱市场竞争力!
1|0|0|doc47918-6|原地打方向盘很重没有奥迪一贯的轻盈!
1|0|0|doc47922-1|说实话，论驾乘感受，同级别的奔驰比奥迪强多了，可audi在中国贵的离谱，却还有那么多人捧它的臭脚，看来大众公司对中国人的心理研究的可真透!
1|0|0|doc47938-1|说起来就是电子设备问题，于是气囊就成摆设了
1|0|0|doc47938-2|想起一朋友的朋友的新a8，开了1年，转向机坏了~大众奥迪的玩意还指望什么安全，质量都保障不了的东西，有安全可言么
1|0|0|doc47941-3|比开奥迪之类的大众脸好多了!
1|0|0|doc47951-1|好贵，买不起hellokitty涂装粉红色奥迪r8粉
1|0|0|doc47952-2|从行走感受而言，x3固然是兼具了操控性和舒适性的，奥迪的q5只有在驾驶3.2fsi车型的时候才有本钱在马路上小撒野一下，而且操控感受的确不及其他两部车。
1|0|0|doc47964-1|感觉钣金仿皇冠，内配做作，座椅做工也不够精致
1|0|0|doc47966-3|它的车尾怎么都觉得怪怪的，而a6avant作为旅行车来说可能有点过于霸气
1|0|0|doc47968-1|在奥迪、宝马、奔驰当道的北京大街上，丰田凯美瑞根本不会被当成是豪华车
1|0|0|doc47969-1|今天奥迪店的人开着奥迪a6来接我去给他们拍照片，我一坐上去就感觉奥迪的车太窄了，不小心就撞到了头，而且那位开车的帅哥也想让我感受一下他的漂移技术，吓得我是紧张的拉紧上面的手杆，飘的我的头晕乎乎的!
1|0|0|doc47977-1|大众将产大型轿跑车与奥迪a9同级大众作为全球最大车企之一，旗下拥有的豪华品牌奥迪、宾利和保时捷等在世界上也是享有盛誉的，而大众品牌高端车型则少之又少
1|0|0|doc47979-1|国产暂无计划奥迪a3现金优惠3万有现车★由于销售缓慢，奥迪停止了a3车型在欧洲部分工厂的生产，转而进入消化其地区经销商的库存，而随着中国市场的开启，并且可以试水中国市场
1|0|0|doc47981-1|这个a1现在贵啊，价格和gti相当，性能却输gti
1|0|0|doc47992-1|据网易了解，lexus近两年在中国的发展并不如意，比起在北美长期领军豪车阵营，中国的发展似乎是力不从心
1|0|0|doc47995-1|还恬不知耻的标30fsi，给人是3.0l排量的错觉!
1|0|0|doc47998-1|和iphone一样，奔驰宝马奥迪都是装逼俗，但俗的力量真特么大――一卖二手车的也开一奔驰跃武扬威的，然后声嘶力竭的冒黑烟，直到她把机器都给换了卖钱了，就剩一壳了
1|0|0|doc48001-2|奥迪后保险杠被撞裂，就得出质量真差劲
1|0|0|doc48023-5|奔驰吧，不怎么好
1|0|0|doc48023-6|悍马吧，太耗油鸟
1|0|0|doc48023-7|劳斯莱斯吧，太贵鸟
1|0|0|doc48023-8|保时捷吧，在城市没用
1|0|0|doc48040-1|想买奥迪，奔驰带导航配置的车主注意了，我有好多朋友买了这些配置的车，导航都是超级旧的。
1|0|0|doc48045-1|奥迪sb，加价，等车，烧机油，5000公里保养还好意思叫豪华车
1|0|0|doc48060-2|买的时候连车的性能都还没有看
1|0|0|doc48077-1|价格价格不给力，宣传宣传不给力的日系豪华品牌们也该醒醒了。
1|0|0|doc48095-1|奔驰c吧，空间太小;
1|0|0|doc48105-1|杯具的是，它朴实低调的外形常被误认是帕萨特，所以很少有人愿意购买。
1|0|0|doc48117-1|玩过四驱车的骚年都知道双星的质量和做工是最差的，真正的四驱咱家都用双钻奥迪还记得你们当年的第一辆四驱车么这辆买过转发微博
1|0|0|doc48124-1|一汽奥迪展台工作人员举止野蛮，言语蛮横，态度差……
1|0|0|doc48126-1|一当地司机讲，大众车不适合炎热的泰国，发动机故障很多，口碑不佳
1|0|0|doc48127-1|同时，还通过更为犀利的头灯设计让整车多出了一份minicooper所缺乏的锐利与霸气。
1|0|0|doc48135-2|奥迪算个鸟+1/奥迪算个鸟
1|0|0|doc48140-2|却欠缺舒适!
1|0|0|doc48152-1|轮胎出问题，说我们道路不好;
1|0|0|doc48152-2|发动机出问题，说我们油品不好;
1|0|0|doc48152-3|喇叭不好，说我们驾驶习惯不好!
1|0|0|doc48152-5|那我说宝马奥迪都没出问题，为什么唯独这126年的汽车发明制造者梅赛德斯奔驰会出问题，只能说奔驰不适合在中国大陆上销售!!
1|0|0|doc48159-1|q5虽然拥有奥迪家族脸谱，不过太老气了。
1|0|0|doc48166-1|这个很难简单说明白，但是车一开起来的直观感受，很多奥迪的质感和梅赛德斯及宝马同级车相比还需努力
1|0|0|doc48175-1|所以奥迪给我的印象一般都是不爽，通常我都会斩灯喇叭果断暴力爬头解决…
1|0|0|doc48179-2|其后座空间比50万级别的glk更好，可见奔驰坑爹的程度。
1|0|0|doc48193-1|一汽大众奥迪销售事业部现针对全新奥迪a6l推出了区域性留学生购车优惠活动，跟新a6比，宝马真心抠啊啊啊rt本次活动针对不同型号给予了不同的促销幅度
1|0|0|doc48194-1|整车的噪音还是比较大的
1|0|0|doc48212-1|我觉得新的a6l和a8l缺少霸气!
1|0|0|doc48218-4|相比较而言迈腾(虽然空间大的离谱)也不够好……
1|0|0|doc48226-2|艺术级的工业品赛道试驾体验奥迪新a8l只是这样的设计与现款奥迪a4l过于雷同，作为普通消费者一眼真的很难分辨它俩，这在无形之中难免拉低了新a8l的贵族感
1|0|0|doc48233-1|还有整个通用的suv市场也是短板!
1|0|0|doc48233-2|凯迪拉克一直处于豪华车品牌中的边缘地位，始终和奥迪差距越来越远
1|0|0|doc48242-1|奥迪今年也是大手笔，提前两个月动工，室外单独建馆，室内二层还能做试驾，就是稍显小了点，人流流动规划也不太合理。
1|0|0|doc48262-1|这个日产楼兰定价脑残，这么高的定价谁买谁脑残
1|0|0|doc48269-1|和奔驰宝马还是有品牌差距的
1|0|0|doc48278-1|垃圾的服务…
1|0|0|doc48278-2|漳州奥迪盈众致远的服务态度真的是不敢恭维…
1|0|0|doc48281-1|精致小资/粗狂豪爽奥迪q3对比宝马x1-新华汽车-新华网其实这俩都没什么好比的，豪华谈不上，操纵性又比不上纯种的，实用性更不着边儿
1|0|0|doc48309-1|奔驰的保养价格很致命啊
1|0|0|doc48312-1|关键是两款进口车价格差不多，奥迪你个坑爹的品牌，绝对的坑子
1|0|0|doc48314-1|1、奥迪a41.8t发动机不如2.0原来不一定带t就好哦。
1|0|0|doc48327-1|宝马后期保养太坑爹配件一般情况是不会到位的
1|0|0|doc48327-2|奥迪那让人蛋疼的轮毂18寸15幅轮毂也太小气了吧敢不敢大气一点啊
1|0|0|doc48344-1|但是奥迪你tm也无耻了!
1|0|0|doc48359-2|而德系的大众、奥迪，个人觉得外形不如日系，q7甚至还觉得有点臃肿
1|0|0|doc48365-1|宝马6系上市了，相比奥迪a7和奔驰cls，我觉得定位有点高，缺乏竞争力!
1|0|0|doc48365-2|640i售价高于顶配奔驰cls与奥迪a7，而650i的售价甚至超越了性能表现更加突出的cls63amg!
1|0|0|doc48366-1|但座椅舒适度不足。
1|0|0|doc48402-1|看看奔驰仁浮的服务，奔驰的服务我真觉得比奇瑞差---南方都市报：花新车价钱淘来“二手货”-赶在限牌前，市民张先生买了一辆奔驰轿车。
1|0|0|doc48423-3|开国产车象到了发廊，提心吊胆，质量不好，性能也不差
1|0|0|doc48424-1|定价偏高，等降价吧~
1|0|0|doc48436-1|而且奥迪国内定价不厚道…
1|0|0|doc48443-1|强烈表示对s350无兴趣。
1|0|0|doc48459-1|价格没疯，配置差的真的疯掉了，我这个宝马托都看不下去了
1|0|0|doc48460-1|我对奥迪已经失去信心了
1|0|0|doc48460-2|怎么有这样不负责任的售后
1|0|0|doc48461-1|不同的就是帕萨特太多气管了!
1|0|0|doc48461-2|维修不方便，而气管的寿命不长
1|0|0|doc48464-1|发动机偏高转，所以车重给低速加速带来了一些负担
1|0|0|doc48465-4|后面的不说了，保时捷宝马之流，果然不行……
1|0|0|doc48475-2|新3上市体验活动，bmw的优势不是一点点，奥迪a4l开得像船，刹车差油门重，甩的厉害车头太重;
1|0|0|doc48483-1|奥迪比大众车还不厚道。
1|0|0|doc48503-1|奥迪不给力啊!
1|0|0|doc48554-3|但还是有缺点，最典型的就是刹车至速度快接近无零的时候，车身无可避免的会出现震动和前倾，高级感顿时减少很多。
1|0|0|doc48557-1|但减震硬，舒适度不足
1|0|0|doc48563-2|升挡过快，变道不稳!
1|0|0|doc48567-1|缺点:动力与s80l、xc60无差别，中控台布局造型陈旧。
